"OldAdvertiserId","NewAdvertiserId"
"AR151388010816995328","AR12632311768945786881"
"AR155616285860823040","AR15046241169216372737"
"AR160975992729370624","AR13515777883078918145"
"AR201311233196949504","AR08696063852359450625"
"AR25591476733870080","AR01211943701102723073"
"AR42988808702001152","AR08213154634588487681"
"AR436495327269224448","AR14272329431602167809"
"AR452429243620524032","AR16698978394699726849"
"AR523570325997223936","AR16988053195781570561"
"AR78805022019682304","AR04044707866718765057"
"AR306546418804326400","AR11854789922340732929"
"AR533035128247549952","AR13006871125186052097"
"AR547802084804657152","AR03860425594734903297"
"AR18582605502873600","AR08541552094648205313"
"AR28939146043064320","AR06676438700701777921"
"AR313569927283867648","AR17002531152579264513"
"AR320561756084633600","AR11650119955998834689"
"AR321673121822146560","AR15056374268377956353"
"AR411999445152956416","AR17825722726472482817"
"AR495061707475910656","AR18064413506723119105"
"AR92743049888661504","AR04945427792192864257"
"AR205914785303232512","AR16388710369553547265"
"AR235858094700101632","AR11783520678139920385"
"AR337731970182152192","AR01475386274800992257"
"AR367867006919114752","AR15988619391243649025"
"AR380259121439440896","AR07568774575136178177"
"AR400992543484936192","AR06857571146749968385"
"AR436057515482939392","AR01317778292345929729"
"AR471536573867884544","AR01627547001774145537"
"AR541799953907843072","AR09132931020717293569"
"AR159467256617631744","AR17303305169697505281"
"AR343012374774546432","AR04112261861129322497"
"AR371725193220980736","AR16902850115599859713"
"AR39744596565032960","AR09254510206153392129"
"AR428358563266560000","AR05112060978405572609"
"AR460521271243833344","AR14385284735024758785"
"AR550802858195288064","AR01941526840736743425"
"AR182856686438973440","AR06593745255810465793"
"AR263919555586293760","AR00366257631133696001"
"AR381843826932711424","AR01356058889178578945"
"AR513319922688851968","AR06091593897358655489"
"AR513592326694633472","AR02135181624713674753"
"AR559092041997352960","AR15446959693787824129"
"AR198080077760561152","AR04776542806166470657"
"AR286594543367749632","AR17878041887768576001"
"AR367164041031843840","AR09102250248255832065"
"AR399896124233613312","AR15740963880374894593"
"AR416548605793402880","AR05656152108387270657"
"AR427047807967297536","AR17692731297534836737"
"AR461033265705254912","AR07075630415939108865"
"AR473623910793871360","AR01519179135740542977"
"AR48420705380859904","AR14992958560856440833"
"AR507835283811598336","AR13315870451352731649"
"AR512751990573367296","AR06663759957243985921"
"AR525728289365426176","AR01914870555710849025"
"AR278473309966827520","AR00341904548090085377"
"AR282314934874800128","AR03612362302491197441"
"AR312402864410460160","AR09578871221588590593"
"AR328845511048036352","AR17898360450333016065"
"AR386425766763560960","AR17654585940632403969"
"AR409506336896712704","AR12724059142336020481"
"AR48204685705740288","AR14821336752949559297"
"AR484938847516360704","AR03989820246260187137"
"AR567631777011597312","AR06711459382997024769"
"AR58162722000338944","AR00931858094772715521"
"AR108578491229798400","AR03954635874171355137"
"AR111940351110938624","AR17831717538745024513"
"AR129246526693179392","AR05818009703283687425"
"AR139173707942723584","AR04693226213060116481"
"AR260785947447132160","AR10700183691042226177"
"AR340145638723289088","AR15459081122289287169"
"AR389794326793682944","AR17923052870152749057"
"AR437294706582355968","AR00658227446331473921"
"AR461645831120879616","AR02956465408493748225"
"AR501278380579094528","AR09003171056453681153"
"AR53340298360651776","AR16098034816980615169"
"AR548023017922363392","AR17649833439060295681"
"AR131738191840411648","AR01477656079117582337"
"AR165256735093686272","AR08697647149103448065"
"AR202327731696828416","AR02433910412765298689"
"AR335183920704258048","AR15101044951913332737"
"AR433654223582789632","AR08545076029415227393"
"AR466392594616680448","AR01251715510580543489"
"AR471191894152445952","AR10445561674499883009"
"AR475849528486920192","AR17154686381994278913"
"AR497204346400800768","AR18102327966183718913"
"AR522845507316350976","AR10016953762611986433"
"AR59544086561947648","AR17634747040015581185"
"AR185893056518553600","AR06854091604764917761"
"AR303658723312664576","AR08232211095243194369"
"AR477773845634220032","AR05533770004584988673"
"AR499236415687622656","AR11698451875815751681"
"AR504704802408628224","AR12132412210307661825"
"AR512985190117670912","AR02436922799747497985"
"AR63330632809316352","AR17352844765598580737"
"AR122089290111909888","AR16131524841651044353"
"AR123455089712037888","AR03630376701000679425"
"AR289458736798367744","AR08430369478847496193"
"AR361355699059425280","AR06259718296216535041"
"AR497620064875315200","AR09676459200745570305"
"AR50338116220747776","AR07883340041479520257"
"AR66093842968870912","AR11474802826949951489"
"AR114966756866392064","AR00806619734639378433"
"AR172294399785435136","AR16538424270838038529"
"AR412552911818588160","AR15222642141852336129"
"AR446545104065265664","AR06274354995005489153"
"AR469472567204249600","AR18248860155695333377"
"AR48079444459388928","AR11483810026204692481"
"AR9274758537412608","AR12072718624524075009"
"AR111396402092834816","AR11853105195649073153"
"AR129086066715000832","AR00291322890043785217"
"AR135010682042056704","AR10130425149304864769"
"AR1860304954720256","AR09449027419563360257"
"AR391489155248422912","AR18225698668378324993"
"AR395266115128786944","AR17222240376404836353"
"AR410392715067392000","AR14465192979523960833"
"AR492810010741440512","AR02111903039408308225"
"AR514661223795523584","AR04531096626474778625"
"AR78787361114161152","AR16704326419257229313"
"AR8213042621841408","AR08087487877237178369"
"AR99588643642933248","AR12939314107118518273"
"AR221784345864568832","AR10832135256857903105"
"AR26541386060791808","AR07228752803269705729"
"AR303746959120793600","AR07376509161539895297"
"AR341420762973863936","AR01031799716007903233"
"AR358134198709518336","AR07706134363770978305"
"AR443547732288733184","AR06872968432707436545"
"AR153768075534008320","AR10960705961857122305"
"AR334680791055335424","AR04218096452372529153"
"AR334973707824922624","AR03418707518514266113"
"AR451512731959296000","AR00306720176001253377"
"AR463545546695507968","AR04291935255247454209"
"AR55960743807287296","AR06520843236842405889"
"AR64093968756899840","AR15641476907197792257"
"AR92302386244091904","AR18204225893482627073"
"AR98127736287002624","AR03991372619239653377"
"AR107603396214652928","AR03968319296379027457"
"AR125281515964727296","AR07426911186874007553"
"AR313565769755525120","AR12360604578658385921"
"AR38626393239584768","AR02459440797884350465"
"AR441093622335537152","AR03328635525966856193"
"AR449974515192037376","AR06431615669225127937"
"AR506145781116305408","AR08574005554731548673"
"AR545019873709785088","AR12064756373632581633"
"AR549013987136634880","AR06953188801069973505"
"AR82693273092620288","AR09149552200555429889"
"AR100293190078169088","AR17969837914548338689"
"AR208180500810956800","AR12327818241429733377"
"AR314232829716201472","AR11856201420392890369"
"AR385010970176520192","AR06539702060282019841"
"AR392853339940847616","AR14974944162346958849"
"AR405591525746016256","AR02937350123966955521"
"AR415569009652531200","AR17197973330146099201"
"AR434986384999055360","AR08525525200844881921"
"AR44418311257063424","AR13407508973091815425"
"AR545018293161820160","AR14561967182637432833"
"AR129437085802168320","AR08114800845582761985"
"AR137025537099956224","AR05968272673187299329"
"AR261100132894769152","AR04909134700066373633"
"AR274395564936790016","AR16446776815566979073"
"AR326971874514829312","AR07224249203642335233"
"AR331923903087640576","AR04563392169200582657"
"AR476958729560915968","AR13628367873763180545"
"AR532504751326101504","AR10547043299208724481"
"AR56740297551380480","AR02797210769937137665"
"AR121260017826398208","AR08335477227323916289"
"AR315839594161504256","AR15509123469882163201"
"AR442160286053433344","AR03981657471935578113"
"AR494168560436772864","AR03333139125594226689"
"AR516539120936288256","AR06025531115593269249"
"AR126627008959479808","AR15989778963694092289"
"AR346192918316318720","AR14673202987313135617"
"AR421860415186665472","AR15452325722848231425"
"AR88787350649307136","AR01175914904083759105"
"AR133915534101053440","AR03933390010987839489"
"AR156209815981391872","AR00095050993514840065"
"AR171675099861090304","AR16140615878667403265"
"AR439575918332084224","AR17566084050689458177"
"AR47131768515461120","AR11091252351812501505"
"AR482676808500641792","AR09855342046003331073"
"AR52147465683468288","AR00764926253714112513"
"AR549330509046480896","AR03700762625047527425"
"AR551474384921952256","AR02157699622850527233"
"AR195930326369828864","AR02949572570099220481"
"AR241744467638353920","AR11628769639210680321"
"AR245122167358881792","AR06011883290074546177"
"AR31499565026770944","AR17168197180876390401"
"AR359721652981858304","AR00139563209936863233"
"AR395123178617176064","AR01674065414599999489"
"AR399219615344885760","AR10438956908151832577"
"AR417597883483684864","AR08310044423861829633"
"AR427582823453425664","AR16803405611059380225"
"AR452935053329039360","AR04647345791856279553"
"AR528838807760404480","AR17505206565760663553"
"AR572309924109877248","AR06176402802621808641"
"AR87150830670577664","AR15376649636043292673"
"AR12080952729665536","AR15839635290802094081"
"AR183685615127101440","AR14426996220452929537"
"AR206011989003075584","AR13528444257030897665"
"AR287284143316795392","AR03645808209257562113"
"AR389533673818423296","AR05602108912858824705"
"AR4096230569279488","AR06948667196939698177"
"AR444689059718103040","AR08843658582420357121"
"AR513428980498432000","AR15285692536635523073"
"AR524088470851813376","AR10394783341311164417"
"AR65602155112824832","AR02521593578862411777"
"AR196367485321084928","AR15328979484787343361"
"AR30557455360458752","AR10368289509128273921"
"AR314400299081007104","AR15911692884840022017"
"AR350569077674082304","AR04568116083470368769"
"AR353679939666444288","AR14875864970544807937"
"AR373953181735976960","AR06617891905545961473"
"AR380565507226468352","AR14069519701495513089"
"AR39094407235895296","AR07359177009995448321"
"AR418892214828007424","AR13907591050660151297"
"AR420241212516073472","AR17909039319578836993"
"AR445403914074849280","AR07205390380202721281"
"AR527559354182795264","AR09126396897991327745"
"AR132614227729842176","AR00486864161096073217"
"AR146449760499269632","AR13831029856994852865"
"AR181477383461666816","AR15405006040923635713"
"AR196773376910426112","AR15715535887276179457"
"AR221113437613195264","AR14158402434778529793"
"AR226919305684451328","AR01475702109516070913"
"AR286252904489156608","AR16536848808114388993"
"AR293122859297931264","AR05729054127355330561"
"AR364765662574280704","AR04373470639516811265"
"AR374971088985128960","AR18190021715080249345"
"AR443116861169598464","AR04632427618090614785"
"AR44776855126933504","AR13200525909162983425"
"AR525067860834254848","AR14521709251581181953"
"AR169664196173103104","AR18195017895916863489"
"AR250751666893094912","AR00041007797986394113"
"AR262331173601017856","AR13807350774579068929"
"AR387042420988051456","AR01470910162964316161"
"AR423955087916793856","AR14089986835568656385"
"AR442874212697243648","AR09550358411179196417"
"AR453010266796326912","AR10574927326405984257"
"AR454529310829576192","AR07102652013703331841"
"AR476073141664219136","AR02333340008317976577"
"AR480998953756655616","AR17839233525354594305"
"AR70685678404370432","AR03998246491058601985"
"AR218542057872949248","AR14062367103478923265"
"AR390518767517433856","AR03030570705499455489"
"AR472152077041139712","AR08401317357984677889"
"AR65449563514732544","AR13279704215380295681"
"AR81227864610963456","AR02526994792294907905"
"AR100207290732249088","AR05530051318820896769"
"AR104028093638770688","AR11727004406082699265"
"AR133658076581462016","AR16470139238633963521"
"AR142479355291893760","AR07595198038574891009"
"AR214021106577702912","AR14830828974271102977"
"AR283701796994547712","AR13178962424557993985"
"AR291612164681105408","AR03738828404795899905"
"AR376576444681158656","AR08188674970268729345"
"AR409143257541378048","AR01855114022886572033"
"AR420715686143197184","AR07457591959335469057"
"AR189796872552972288","AR16311650822242959361"
"AR204542904029413376","AR06954033226000105473"
"AR240810638668988416","AR13341128157588094977"
"AR415208782155481088","AR03890741054458036225"
"AR433664187906916352","AR00816054643917324289"
"AR439033893459329024","AR16114354868071694337"
"AR264032221168402432","AR05990628218481147905"
"AR309631854590296064","AR08431213903777628161"
"AR347035865777700864","AR12519637940499906561"
"AR375706662264111104","AR01782257083895250945"
"AR50972122113114112","AR11997220383724929025"
"AR92421820694659072","AR10857893515761811457"
"AR109611344965140480","AR09666708319313592321"
"AR250128553037791232","AR16455867852583337985"
"AR260413213005316096","AR14556109397001502721"
"AR296123014213271552","AR06502810833830019073"
"AR345789088311279616","AR10618802238400757761"
"AR493636259369975808","AR01401094885452283905"
"AR574311413229551616","AR10565920127151243265"
"AR155247399709704192","AR00950734922715234305"
"AR228258235969175552","AR17602794544917643265"
"AR347541778565431296","AR03785750888144961537"
"AR390207914964418560","AR12434913972509999105"
"AR452553144837079040","AR08560069244849487873"
"AR476435018428710912","AR12110654799339323393"
"AR57558712159567872","AR04426157312574488577"
"AR62278262742581248","AR15051505356012257281"
"AR118173585608015872","AR07849387122413797377"
"AR145115193901318144","AR12352599721691316225"
"AR219216230299467776","AR02715385389475954689"
"AR308938131472646144","AR15134603970938404865"
"AR403037463313907712","AR00108561792396951553"
"AR99922379781701632","AR00820130533521489921"
"AR156506890279321600","AR09439175795378487297"
"AR171677264524607488","AR13533792281588400129"
"AR254686337972568064","AR07967343142158467073"
"AR272113940870201344","AR00660755498441637889"
"AR362479296863797248","AR05241820942669185025"
"AR441593487809314816","AR12502467966920556545"
"AR472556181924085760","AR00064203370163863553"
"AR536202683808219136","AR03432218317396377601"
"AR126746477769785344","AR06881359493133762561"
"AR160744579891462144","AR04494307242287300609"
"AR263857639337754624","AR04328434643243106305"
"AR31677617190993920","AR00784101736502525953"
"AR358655126702915584","AR14339092189957586945"
"AR492773280181125120","AR05850651317294333953"
"AR546522356349140992","AR04461793583942336513"
"AR55967615754960896","AR02188362390809083905"
"AR568289181885792256","AR14448023005944610817"
"AR569461278460870656","AR05830750431709495297"
"AR61600482543534080","AR08850048669123084289"
"AR93136984289050624","AR09484295629413810177"
"AR112555630945894400","AR12655590354251153409"
"AR127323446496460800","AR18199521495544233985"
"AR139593824463749120","AR14030741025895481345"
"AR159431866087112704","AR00802116135012007937"
"AR231272237859078144","AR05999069169247584257"
"AR359983749066129408","AR03611183213709361153"
"AR368870002041815040","AR07210738404760223745"
"AR469774589304504320","AR14775114108751577089"
"AR55442186635837440","AR03360160723358449665"
"AR89637925972606976","AR15862018049008730113"
"AR149798323161661440","AR08433465703591313409"
"AR159365964108922880","AR13065417920341868545"
"AR231591474188255232","AR15236963280804118529"
"AR324779585767997440","AR05569679092275478529"
"AR429606783841992704","AR13320236612026630145"
"AR441028751149498368","AR08687919082537746433"
"AR464644611646685184","AR01297512094022762497"
"AR495841501738172416","AR10083487410231967745"
"AR509877661019930624","AR03421720867569139713"
"AR547667978745806848","AR13771620632405999617"
"AR111649736443822080","AR16533189633417150465"
"AR14253415907459072","AR04758528407656988673"
"AR165439597621280768","AR03733959492430200833"
"AR201304120731107328","AR17218696238111653889"
"AR409935627467882496","AR03539838652962045953"
"AR528951198464606208","AR08005000590776074241"
"AR536546281191899136","AR02073121889907113985"
"AR9652887458152448","AR01972189608695300097"
"AR117361149594304512","AR10407319148257345537"
"AR134527103084265472","AR11387203910931316737"
"AR166715924462698496","AR11416238027291230209"
"AR221325918235262976","AR16780887612922527745"
"AR288576172558647296","AR03008035527493419009"
"AR377290130806800384","AR00401295768176033793"
"AR388467181899218944","AR03510270723706847233"
"AR410636737929281536","AR01143023700933607425"
"AR432075771561902080","AR17496959953674436609"
"AR451042484579991552","AR06007414874819264513"
"AR46596237633257472","AR13051907121459757057"
"AR472391873655209984","AR04788304556926697473"
"AR492100172906496","AR06643284851711541249"
"AR127494283115626496","AR15785592095273648129"
"AR135572635563065344","AR11470383065084198913"
"AR14736823066558464","AR16618758026337189889"
"AR247379430370967552","AR14558361196815187969"
"AR323310775672242176","AR05244917167413002241"
"AR380532762395803648","AR00172657410421293057"
"AR486034923170299904","AR10448826536839610369"
"AR19500147956252672","AR01338409803407425537"
"AR205452509383229440","AR16060839438124580865"
"AR216507033648627712","AR01771881267541835777"
"AR258910180610146304","AR09232854637449576449"
"AR281940482446065664","AR12925806331893383169"
"AR415633434161971200","AR00326986374324420609"
"AR443057143944314880","AR07282795998798151681"
"AR494927567057321984","AR00887684527932047361"
"AR519926372664082432","AR05976752106860707841"
"AR532789730996125696","AR08148477787229913089"
"AR535693077348614144","AR02336864492840812545"
"AR560407985617108992","AR08041589726408343553"
"AR562615701886468096","AR11690975609063735297"
"AR10873551523414016","AR07632327721611165697"
"AR139975251919372288","AR17267276372678541313"
"AR212707121463033856","AR03337642725221597185"
"AR221647284868218880","AR03367677672040693761"
"AR277188805507678208","AR08746465877693562881"
"AR325139366588448768","AR02099542742005710849"
"AR380744418384150528","AR10413453735945568257"
"AR393942406208159744","AR06112566669341622273"
"AR427275509953462272","AR10027968257782185985"
"AR562441979049279488","AR07223404778712203265"
"AR72801825970978816","AR14861491742229659649"
"AR148230075983069184","AR04638605224171274241"
"AR158784975292858368","AR08251069918682808321"
"AR21079390251122688","AR15235392353565933569"
"AR222645160389902336","AR09754511607056039937"
"AR229245700490133504","AR02477455196393832449"
"AR272622842955169792","AR15531148199615004673"
"AR324267591306575872","AR01277039050074619905"
"AR386101342113890304","AR11772884827286536193"
"AR474490566474727424","AR17692866537465053185"
"AR478209905073848320","AR09980452175593078785"
"AR169454739208011776","AR16716095179404083201"
"AR197209986105868288","AR05918205311704891393"
"AR23546350746468352","AR03718533481731457025"
"AR270643928183603200","AR15361336737603256321"
"AR272842367323602944","AR14592138194020466689"
"AR400759893696446464","AR12051263579253374977"
"AR43229498669268992","AR03116121918550310913"
"AR478516840616689664","AR13835533456622223361"
"AR66374733830029312","AR11721663528350777345"
"AR132522040551800832","AR08597086502821822465"
"AR198246481973477376","AR03788002687958646785"
"AR434719547270889472","AR09696725399068737537"
"AR446730955890098176","AR01882980045580926977"
"AR496987364653006848","AR12897940309199028225"
"AR74426869797093376","AR04362176456076296193"
"AR80104576044236800","AR04778794605980155905"
"AR179987957522890752","AR00435072765381312513"
"AR21324409545424896","AR15744215273697181697"
"AR366126926688944128","AR07034235589859737601"
"AR442289409950220288","AR13425705890531508225"
"AR483793053321003008","AR14344586449561583617"
"AR114507538963103744","AR05543562117703008257"
"AR186864681200123904","AR16589987380451082241"
"AR204473978394247168","AR06017787255198842881"
"AR219821992486895616","AR05301212162755133441"
"AR232737268383612928","AR10854150503302955009"
"AR253202581390622720","AR11344282275517825025"
"AR294294938693140480","AR17510470752556548097"
"AR33481640894267392","AR06796407239042138113"
"AR526076662752739328","AR12214237590768844801"
"AR567356246269624320","AR06606393625259540481"
"AR97736344507252736","AR00995770918988939265"
"AR120978405410734080","AR00103971331350986753"
"AR164800643926589440","AR08886077466142048257"
"AR165952588515115008","AR02287459587114139649"
"AR234245935775875072","AR04359959840634699777"
"AR263062451912704000","AR06858697046656811009"
"AR333917420748013568","AR02354995577021792257"
"AR352645745901305856","AR09039199853472645121"
"AR379735513386450944","AR09154771307374575617"
"AR423783907700244480","AR07741402573621428225"
"AR518705605519605760","AR05569176340583677953"
"AR520521826929999872","AR05741403841958510593"
"AR106804085620998144","AR17767175931316666369"
"AR270050088825389056","AR17051103590564757505"
"AR282120115158253568","AR00323890149580603393"
"AR287722985895231488","AR04211341052931473409"
"AR541622210981265408","AR16086370785316306945"
"AR543103012625711104","AR11354050061941080065"
"AR137146483379011584","AR04274391447714660353"
"AR265391148820856832","AR05365534692491657217"
"AR283467635377569792","AR06868464833080066049"
"AR335795111730348032","AR00617468550289817601"
"AR339677865245147136","AR07394059978459316225"
"AR345571350649241600","AR13884527282439061505"
"AR502505126318047232","AR10890179300321918977"
"AR548585933516046336","AR10393938916381032449"
"AR553754119202930688","AR07914928598228664321"
"AR107848037551833088","AR07319468010119364609"
"AR146765492135133184","AR16339534849440219137"
"AR190402050624847872","AR13344641097238839297"
"AR20707789680672768","AR14501203772040019969"
"AR21167248102129664","AR18426757563656699905"
"AR244350722513043456","AR16843093582775582721"
"AR315203629764050944","AR01508879598006304769"
"AR389673311795150848","AR13813518210177171457"
"AR403813993401024512","AR00864322104865062913"
"AR436146266687143936","AR17155677041970905089"
"AR521880376625332224","AR00345503524525703169"
"AR544791415809376256","AR15639225107384107009"
"AR575102889802858496","AR12952731859829129217"
"AR71480762750205952","AR14866857771290066945"
"AR10258065530028032","AR00923713324951011329"
"AR290638993811308544","AR02144188823968415745"
"AR329334415765274624","AR03454736315533230081"
"AR351745417676849152","AR01554582585521209345"
"AR365858852010196992","AR12700626350524858369"
"AR406722957570736128","AR16636772424846671873"
"AR411671550169710592","AR10547145141473247233"
"AR426767020185354240","AR01043023530704240641"
"AR541489032635351040","AR14576375595324669953"
"AR576013388509872128","AR04818464573193453569"
"AR114917038324973568","AR01027296116380532737"
"AR198364232796864512","AR01172819778851569665"
"AR228788509811408896","AR16791831739348549633"
"AR353715570715131904","AR07386378790227673089"
"AR400903105085964288","AR14095879805576675329"
"AR412881253478432768","AR01206595676545220609"
"AR449318381628162048","AR05252663226830684161"
"AR486656319038685184","AR05441068117662892033"
"AR490118337557168128","AR04161801457030397953"
"AR503715173224153088","AR10119712057759629313"
"AR544011312309469184","AR06073579498849173505"
"AR91111683870687232","AR04782537618439012353"
"AR102638173502308352","AR08777991075085156353"
"AR112638712793268224","AR13596842676371587073"
"AR248384624516923392","AR12561517513768173569"
"AR283046178826747904","AR08359156309739700225"
"AR305093242389528576","AR00714798693970083841"
"AR315671231443501056","AR09025488118840557569"
"AR400570949495160832","AR13117209316056629249"
"AR4118152082358272","AR04481557030573703169"
"AR472333496459722752","AR05787195889915265025"
"AR516579046952271872","AR14095981647841198081"
"AR561520107268866048","AR18122115876948803585"
"AR573179809606139904","AR14367948872628568065"
"AR172666893709082624","AR03935759046228836353"
"AR315383159397023744","AR09741761395342442497"
"AR357170442408034304","AR16631547133274619905"
"AR387847881974874112","AR04236613602573811713"
"AR487348564687585280","AR14524584199609909249"
"AR531799345897406464","AR10205632156961603585"
"AR552482602724884480","AR02517143168110034945"
"AR9405703500333056","AR04472549831318962177"
"AR179553478631227392","AR16646390540249595905"
"AR20168891544109056","AR13812153029052334081"
"AR210489921905885184","AR00866056034702065665"
"AR283160321877606400","AR07865325642970038273"
"AR285186859246551040","AR07521486779048787969"
"AR28969176454397952","AR00594088122719928321"
"AR307806012453158912","AR16582729229318225921"
"AR356538498099970048","AR03950132274543984641"
"AR381805034788093952","AR11151388078709407745"
"AR81371419597864960","AR05277849739688148993"
"AR111219621238931456","AR08902759119119712257"
"AR215480295946715136","AR06002024656503046145"
"AR287818643406848000","AR13999914843021246465"
"AR299934677429387264","AR04088899438062338049"
"AR300398121580494848","AR08485257099306074113"
"AR342793984277479424","AR09214840238940094465"
"AR343251587273064448","AR05430954122515841025"
"AR38754142746836992","AR08866391397641486337"
"AR484100710418350080","AR08793753673780953089"
"AR497639203249586176","AR08001924981875277825"
"AR499575546305314816","AR09179802101897756673"
"AR503512828724903936","AR07305313996935004161"
"AR570100902170460160","AR07827731553709981697"
"AR331223479821008896","AR04881532972479545345"
"AR348462516474478592","AR17527622721632993281"
"AR387320906667524096","AR13353648296493580289"
"AR388674542920269824","AR04022189868581912577"
"AR40234841312067584","AR02400894002728534017"
"AR549858412066766848","AR17163693581249019905"
"AR92722296606687232","AR10354250944664829953"
"AR139286373524832256","AR00457973393564631041"
"AR218154789261803520","AR06439654885930565633"
"AR262091823663546368","AR17482586725359288321"
"AR146883586555904000","AR03976994718000087041"
"AR150862031942057984","AR02706817719994417153"
"AR224680631290822656","AR03340422290616614913"
"AR278511483636154368","AR09022860011172265985"
"AR291720019899842560",NULL
"AR314183523491643392","AR09394121794601877505"
"AR367349411820339200","AR08085978522650148865"
"AR474201223117930496","AR02891786362111918081"
"AR537599269733924864","AR08288171426733621249"
"AR552235968522878976","AR01186205920602882049"
"AR576136739970613248","AR10561416527523872769"
"AR258985187919003648","AR08667652884214579201"
"AR453152241235263488","AR04073358116081631233"
"AR555965065287696384","AR06163651491396583425"
"AR69645437325279232","AR09390480624407543809"
"AR105987011042607104","AR06664958424918261761"
"AR117492094557224960","AR18109449502996824065"
"AR179854538658807808","AR02629733158794297345"
"AR243568969745694720","AR10016480972612042753"
"AR333912060628828160","AR13933750218991337473"
"AR426568420897587200","AR07800361410759753729"
"AR467425963748098048","AR01783900853778776065"
"AR513957227116101632","AR03769988289449164801"
"AR259120737086865408","AR14898382968681660417"
"AR299589499497742336","AR04958938591074975745"
"AR356785372820144128","AR01350632661856550913"
"AR373165690892320768","AR04164716537233539073"
"AR52703990365814784","AR06940522427117993985"
"AR83494817069268992","AR12787993956784799745"
"AR111702169404571648","AR12015651084824477697"
"AR165907302379945984","AR06340699251747586049"
"AR172216781136461824","AR16481133942594863105"
"AR194446432348930048","AR08880960613904285697"
"AR206968048723165184","AR03580076517931089921"
"AR211343967562760192","AR02403528432588685313"
"AR257919177036136448","AR09683214600186626049"
"AR314402704262692864","AR02128785490696994817"
"AR381676563726336000","AR10061516968885747713"
"AR471715983241773056","AR12393537150933532673"
"AR571698011529281536","AR14529087799237279745"
"AR67228779486904320","AR00445025544635940865"
"AR117648878043398144","AR00698864983777214465"
"AR138358901107064832","AR13132971914752425985"
"AR15516582969081856","AR14386361981542072321"
"AR19349205625602048","AR11240615646326685697"
"AR286845335098097664","AR06404594071460904961"
"AR447015351444570112","AR06123519729299619841"
"AR61572444997025792","AR06665802849848393729"
"AR93199141055758336","AR13623740716516638721"
"AR207212518261653504","AR18423839047479721985"
"AR313239249161814016","AR07602551572341456897"
"AR36000656393240576","AR13585583677303160833"
"AR494711650461417472","AR04760780207470673921"
"AR505086710900588544","AR04540103825729519617"
"AR118619506292555776","AR14807466551204118529"
"AR200379397092409344","AR02972006730474455041"
"AR381429517207470080","AR11239718032521560065"
"AR524398670569799680","AR17920298318647263233"
"AR532244098350841856","AR00071688570447855617"
"AR337033333621915648","AR09579631808757104641"
"AR479420055059169280","AR17815871102287609857"
"AR491816773784436736","AR10674006518208135169"
"AR567549519797944320","AR13362655495748321281"
"AR59311402413719552","AR07298558597493948417"
"AR116769577978822656","AR15970239679995838465"
"AR220650474498424832","AR09568372809688678401"
"AR248439806256742400","AR00567928954388742145"
"AR297400646724747264","AR03738463092057571329"
"AR346998207504449536","AR03062923147951996929"
"AR349245231314501632","AR12044666097169858561"
"AR372163692202033152","AR08792727691993284609"
"AR404706281446703104","AR07261766739405307905"
"AR474221598442782720","AR11155891678336778241"
"AR47764881054629888","AR12384613789440409601"
"AR487697659629404160","AR17869914297816055809"
"AR52933822655758336","AR10754327629323567105"
"AR572748801048051712","AR02687237891804889089"
"AR73366253393149952","AR06245035143061307393"
"AR85616152956370944","AR03134980741989924865"
"AR197023618884960256","AR10406183077867945985"
"AR279915422545870848","AR13485743898332495873"
"AR306599848197488640","AR11411334205431349249"
"AR432331923411435520","AR16122254034483544065"
"AR55265852458532864","AR01124626260060798977"
"AR153505017377062912","AR05666994392548769793"
"AR186518403756851200","AR05916463272969633793"
"AR237244029106913280","AR02733297945720913921"
"AR339910789911543808","AR11053299546883883009"
"AR370417564657909760","AR06012020316711157761"
"AR500046171641741312","AR14419840323901456385"
"AR110925811116146688","AR11831431622442352641"
"AR149470222019985408","AR04485198200768036865"
"AR235409837553352704","AR18235550292563197953"
"AR247676676467589120","AR03945628674916614145"
"AR262539290536312832","AR15994680036774903809"
"AR350922570662412288","AR18389853555382026241"
"AR5330054414336000","AR16262342398661623809"
"AR550679334935855104","AR06580420961588215809"
"AR560370774020456448","AR01166221197256425473"
"AR81585205889990656","AR12826727140091232257"
"AR123368228293443584","AR09773286592734035969"
"AR177702553885081600","AR18089183304673656833"
"AR446319120066019328","AR15623462508688310273"
"AR473185205654388736","AR16861107981285064705"
"AR141456019204079616","AR13310599804926033921"
"AR144788020472578048","AR00090547393887469569"
"AR160978054313672704","AR07890781948493168641"
"AR186710749572235264","AR05704512615506509825"
"AR23346342709428224","AR09629111206396559361"
"AR364406122271997952","AR15871160488193687553"
"AR391478916046389248","AR12339493955405086721"
"AR475293519200649216","AR17819470078723227649"
"AR502764851580370944","AR12486705368224759809"
"AR536670182408454144","AR08913601815598071809"
"AR120964111759572992","AR06538857635351887873"
"AR307444651084742656","AR16937313070621917185"
"AR547727558532136960","AR01680318062349254657"
"AR255764924519677952","AR06007116219973369857"
"AR281586920738258944","AR11272985268648411137"
"AR283149945236619264","AR07206234805132853249"
"AR384723619684548608","AR08099438743997382657"
"AR522204251519188992","AR14303063392938622977"
"AR574824919519461376","AR10295163189788147713"
"AR198468686401503232","AR09748686119574175745"
"AR206491650950692864","AR14921891626795139073"
"AR22955054008893440","AR16599881198394671105"
"AR238773518500626432","AR04548248595551223809"
"AR265715126793928704","AR00869670129422565377"
"AR297359758636089344","AR06517686813836967937"
"AR337463689344974848","AR04630175818276929537"
"AR396871333385863168","AR04436521034299998209"
"AR481859527763820544","AR07124409424671670273"
"AR503960810993745920","AR03675412697274384385"
"AR147915890535432192","AR14867483393406271489"
"AR24388817171513344","AR10203116062040391681"
"AR246301393579671552","AR14979447761974329345"
"AR305878259332022272","AR15166619687954939905"
"AR308246023262699520","AR08935617062043123713"
"AR357183361669660672","AR13366314670445559809"
"AR366239214313930752","AR05067024982131867649"
"AR499147973721063424","AR16925002800998383617"
"AR5123964703604736","AR15929707283349504001"
"AR52287515977056256","AR14486216741358665729"
"AR64296897371701248","AR16279239006162518017"
"AR97740433316118528","AR18010370311194673153"
"AR110382858530455552","AR15831130843239153665"
"AR207320648358297600","AR11198685358084587521"
"AR231942390196207616","AR09069862621431201793"
"AR279125870117912576","AR12498122284650725377"
"AR302967199218270208","AR12795201942699638785"
"AR388355547109261312","AR10911834869025734657"
"AR58658739183419392","AR14771437754185154561"
"AR68410720127025152","AR07992615691800805377"
"AR139411305533538304","AR00701690316343738369"
"AR157038229273444352","AR13995913995085676545"
"AR269555480391581696","AR05472348948595212289"
"AR32907489666138112","AR08610513463942316033"
"AR347394100409925632","AR01189896706259419137"
"AR394457252527865856","AR11349546462313709569"
"AR404255516039053312","AR18185148267229085697"
"AR413742411601149952","AR03809030435523002369"
"AR418510753012645888","AR08471746300423962625"
"AR434995868286844928","AR01711843259740848129"
"AR570839155509035008","AR09908394581555150849"
"AR57645917175545856","AR05695277130150051841"
"AR133245450483400704","AR11603999841260142593"
"AR296913563073642496","AR16145880065463287809"
"AR343669436051357696","AR04837341401135972353"
"AR378612671496323072","AR14485417396405272577"
"AR40969452518375424","AR00121210161846026241"
"AR44846742834774016","AR16524182434162409473"
"AR488108533380808704","AR02157716802719711233"
"AR535622072949276672","AR16519678834535038977"
"AR563210984353693696","AR03839794083673407489"
"AR56882615587700736","AR09476049017327583233"
"AR140414231936761856","AR11570222844054863873"
"AR166232895260721152","AR17015074793545793537"
"AR171267971321167872","AR09971444976338337793"
"AR262497234216550400","AR11114514856760311809"
"AR302913494947201024","AR17950662431759925249"
"AR312316312229511168","AR04247369849950437377"
"AR34250543119466496","AR15155088147441778689"
"AR354856142230257664","AR16712451947625447425"
"AR79353197285605376","AR16767376814040416257"
"AR109649346835775488","AR14934411765700624385"
"AR154886485017886720","AR08395185106758664193"
"AR160391086903132160","AR11446901619883507713"
"AR302969535680479232","AR16249462856892809217"
"AR418918328229167104","AR09421161396869005313"
"AR51552011417550848","AR10912697298458771457"
"AR549450493252861952","AR08650141237396897793"
"AR68046094583463936","AR01121871708555313153"
"AR8507849177038848","AR07886981211673853953"
"AR117976635587690496","AR01485800848939286529"
"AR138817431815585792","AR06297447762845761537"
"AR207186026903371776","AR03307045790521753601"
"AR270483536924901376","AR08389706515195363329"
"AR352110455537270784","AR07649854486713729025"
"AR519023776696893440","AR00221151783081213953"
"AR544793580472893440","AR00377028721917296641"
"AR107675860902871040","AR00293209377119141889"
"AR338262072225693696","AR11948525212753985537"
"AR408484512637386752","AR13942775422748983297"
"AR489904276387135488","AR04497684942007828481"
"AR133153194585882624","AR10187617758452121601"
"AR139274416335880192","AR03124812458456252417"
"AR234089736405254144","AR10782092909265027073"
"AR34365098487185408","AR07372867991345561601"
"AR92635263389401088","AR14918649167004827649"
"AR156389105096196096","AR03685410556505751553"
"AR161292171041832960","AR16217937659501215745"
"AR251505897510010880","AR00860662930167824385"
"AR309697722208747520","AR15258670938871300097"
"AR431139743569281024","AR04581626882352480257"
"AR542625137384488960","AR15396533479197900801"
"AR552546168240865280","AR16436864993120485377"
"AR553303559953711104","AR13380269534586339329"
"AR571207285745909760","AR08322283087790604289"
"AR8748058107969536","AR04801312604117008385"
"AR289099952410329088","AR01103857310045831169"
"AR463654398346657792","AR15236299175780941825"
"AR544174211829071872","AR17749664284498984961"
"AR54520417934639104","AR05774090123629035521"
"AR550378618505658368","AR03346649924476338177"
"AR72799420789293056","AR12963463780510990337"
"AR90023888913694720","AR07431414786501378049"
"AR137351233059946496","AR13975291280117202945"
"AR338303063393566720","AR10204670359165206529"
"AR380594335046959104","AR09154041643970592769"
"AR423873724056338432","AR00050014997241135105"
"AR475350487646863360","AR12367359978099441665"
"AR124309891283156992","AR06197428488601862145"
"AR179195587596386304","AR06575730857300983809"
"AR190994481233788928","AR00391127484642361345"
"AR225768082650431488","AR18384169080266424321"
"AR229388259044622336","AR06890169055173410817"
"AR254356072167374848","AR09905315536680517633"
"AR28736853083422720","AR08096148180573356033"
"AR343364768251248640","AR04499571429083185153"
"AR384611847455637504","AR03657398298764902401"
"AR430193888691486720","AR11953028812381356033"
"AR439975556449042432","AR17022332944678649857"
"AR23949596635955200","AR09081984049932664833"
"AR355447198449664000","AR11938757426330730497"
"AR366955408700473344","AR01390338638075658241"
"AR371219589670895616","AR16401722814790369281"
"AR399769714756157440","AR03044908749442514945"
"AR42341196353241088","AR18200019986628476929"
"AR532954863898722304","AR04890522167231381505"
"AR56397456081944576","AR04109386913100595201"
"AR12343495490535424","AR07470786098868781057"
"AR252269130378379264","AR09313795873123074049"
"AR320938922932699136","AR16581866799885189121"
"AR353418599496417280","AR07849488964678320129"
"AR365901389366296576","AR05139082576169795585"
"AR38159238236733440","AR17262772773051170817"
"AR437238047373787136","AR07548508376813010945"
"AR566239692211617792","AR08759976676575674369"
"AR99443405028851712","AR14164296229420269569"
"AR164999311933833216","AR09673362976001753089"
"AR188728353409204224","AR11754870428777054209"
"AR345074268314271744","AR14107034763357323265"
"AR354677093633622016","AR16384570845713924097"
"AR423067678953963520","AR08034052711638892545"
"AR562341579893768192","AR10160596160687898625"
"AR563085502589173760","AR00680518945073004545"
"AR137471732662403072","AR07643083968987791361"
"AR198358838317940736","AR11435114855233748993"
"AR233801733078253568","AR17735650733925072897"
"AR273472318766841856","AR10150726532000120833"
"AR295503198892851200","AR18261811303158906881"
"AR303516817593204736","AR00643588136202403841"
"AR404999954130534400","AR15960388055810965505"
"AR439176211495649280","AR16705955070855872513"
"AR458564827741159424","AR09602554564611932161"
"AR158852148581367808","AR15611580361404841985"
"AR25388307600900096","AR09319450661424726017"
"AR359844592125739008","AR11844942421324464129"
"AR393721060773593088","AR12968635608330141697"
"AR400289234000281600","AR00847152131285712897"
"AR414729669963677696","AR04990463788466569217"
"AR488313179982528512","AR07468832953900990465"
"AR535217521389731840","AR10451376991499190273"
"AR150601413326536704","AR08058136002016837633"
"AR150842893567787008","AR00770590937620414465"
"AR242324872338866176","AR03351153524103708673"
"AR261220117101150208","AR16010772076642172929"
"AR288750788749033472","AR03932117876034502657"
"AR300347853283262464","AR12533993164312150017"
"AR343297423164047360","AR03899202483628539905"
"AR352953506077868032","AR10360703153774526465"
"AR470090080422199296","AR05523517196094930945"
"AR66367209047326720","AR16686312020747747329"
"AR137862368527908864","AR02041059443646398465"
"AR278642291160121344","AR16969194372341956609"
"AR309037053159407616","AR15174093205927886849"
"AR350212320510607360","AR09304049802054467585"
"AR410277300706213888","AR13135426711900389377"
"AR94848683375329280","AR12129659857825431553"
"AR165194578326978560","AR05543645955464626177"
"AR226517640342929408","AR17032328604886761473"
"AR259449078746710016","AR04233014626138193921"
"AR337432799940182016","AR03713693294107033601"
"AR424594247769915392","AR00933811239740506113"
"AR450926520462999552","AR10487525085529767937"
"AR198586334145675264","AR07193478271227396097"
"AR216914608865148928","AR17636571542122921985"
"AR242072774938460160","AR00648167327254183937"
"AR247014117632638976","AR10664999318953394177"
"AR279668719624388608","AR03647230015231229953"
"AR291473488777052160","AR10015636547681910785"
"AR341375098881572864","AR00654025112890114049"
"AR48059481451397120","AR15003456972756353025"
"AR531346278387286016","AR06057816900153376769"
"AR571427394229895168","AR17942816316784115713"
"AR571633140343242752","AR09345444628133838849"
"AR100236805747507200","AR05088381895989788673"
"AR109454389680275456","AR16032445649848893441"
"AR21703741057007616","AR10971244093614587905"
"AR242771548937650176","AR14140029183161532417"
"AR260955615835193344","AR16528686033789779969"
"AR262855090891653120","AR02672100640347389953"
"AR343672562787549184","AR14889375769426919425"
"AR350799494079578112","AR14179496015601598465"
"AR437864081806852096","AR05698519589940363265"
"AR515391471315058688","AR07219745604014964737"
"AR521103021904494592","AR06323529278168236033"
"AR558966766391263232","AR02279296812789530625"
"AR240061252775182336","AR01639785665702920193"
"AR3455043491594240","AR16406328256682262529"
"AR381103065333235712","AR00339517508346183681"
"AR381919143479214080","AR00347252572647587841"
"AR484312813083295744","AR13813015458485370881"
"AR517280878968176640","AR04401697302025076737"
"AR60427715953557504","AR13250430817802387457"
"AR65427160965316608","AR11333783863617912833"
"AR106373798617415680","AR13614012649950937089"
"AR145801392236265472","AR14938154778159480833"
"AR30906412863324160","AR12030857742953480193"
"AR34083623510474752","AR15269306789724684289"
"AR485216061885513728","AR17762672331689295873"
"AR518889876796473344","AR13922922915675766785"
"AR548821469522558976","AR10524408065644560385"
"AR228564690475679744","AR07715141563025719297"
"AR449323810466824192","AR15808110093410500609"
"AR457680957831380992","AR17945068116597800961"
"AR458058743154737152","AR13204185083860221953"
"AR53772509509582848","AR00062681371193114625"
"AR102284646154240000","AR15168267031251255297"
"AR16853795266887680","AR10672257470086250497"
"AR207630229600993280","AR10335475958986833921"
"AR225700393965846528","AR00815626933894119425"
"AR28311256184127488","AR04749490009759809537"
"AR293841939902496768","AR17340962618315112449"
"AR299218689201274880","AR14061078750729076737"
"AR301291199900155904","AR08674408283655634945"
"AR443333877277130752","AR09530092212856029185"
"AR46702099987169280","AR02752174773663432705"
"AR471748556273745920","AR07089141214821220353"
"AR565348366238613504","AR00134422305882243073"
"AR78725032548761600","AR00269846954052157441"
"AR117256661629927424","AR16668297622238265345"
"AR179612852259127296","AR09186974216245739521"
"AR21057846695165952","AR15809100753387126785"
"AR247033530884816896","AR16159390864345399297"
"AR358838057949986816","AR15173102545951260673"
"AR385859655714209792","AR05331892935216594945"
"AR392604815953231872","AR11740515204964810753"
"AR462410610177474560","AR04917561769498509313"
"AR557252765202513920","AR05891183713940668417"
"AR557963358951702528","AR01370227196014100481"
"AR8766955964071936","AR10053089899453612033"
"AR193359462025658368","AR03425462917955321857"
"AR294012295485325312","AR05367921732235558913"
"AR310797096397570048","AR11174896736822886401"
"AR344944629021409280","AR13736454264820072449"
"AR384328723211485184","AR08773487475457785857"
"AR427507713065353216","AR00350911747344826369"
"AR45127118299856896","AR12427397985900429313"
"AR463341999605415936","AR16317382164041695233"
"AR507744780260737024","AR12273287137616461825"
"AR124971384966217728","AR06301011280031383553"
"AR166156169964945408","AR11705330832875978753"
"AR174084610873884672","AR11133286406464471041"
"AR353858129269620736","AR12568135474255757313"
"AR535372415090294784","AR04750023960094048257"
"AR79247334931693568","AR14906797118852169729"
"AR93446187574624256","AR07863760350728945665"
"AR130922182413910016","AR03995168270817689601"
"AR18817041997758464","AR06781147392038141953"
"AR232258568508669952","AR18158144673967767553"
"AR28754977845411840","AR03944784249986482177"
"AR29387197031383040","AR16122517642396303361"
"AR32461843859505152","AR06958536825627475969"
"AR377856001337982976","AR04200082053863047169"
"AR384925826744844288","AR12385374376608923649"
"AR418309439305547776","AR14588906729346433025"
"AR429663889727160320","AR05148089775424536577"
"AR541530161242177536","AR04841845000763342849"
"AR565557823203704832","AR13645221187993731073"
"AR88316312996020224","AR00832613289031630849"
"AR200392488152727552","AR15389640640803373057"
"AR205531158824353792","AR04251029024647675905"
"AR261216681127313408","AR07565678350392360961"
"AR270348606232330240","AR15609951709806198785"
"AR359708939878662144","AR07823227954082611201"
"AR469678485116289024","AR04202417691438350337"
"AR519097306537000960","AR02391200295901200385"
"AR531870298757136384","AR10417118820517806081"
"AR5331944199946240","AR18356303057572069377"
"AR551124637145104384","AR06638781252084170753"
"AR7272822741139456","AR12164426140617801729"
"AR107035738977075200","AR10196624957706862593"
"AR207699876790665216","AR01503377641820913665"
"AR268173085037821952","AR11546860420987879425"
"AR269781911067426816","AR14874898499823992833"
"AR480484794631716864","AR10754208882067767297"
"AR509264202251108352","AR16239695070469554177"
"AR535199310728396800","AR18429205076540129281"
"AR145483186699239424","AR05188622172070871041"
"AR149955587684171776","AR14987610536298938369"
"AR164392725112684544","AR06733356844258951169"
"AR19015400767356928","AR07402868028670476289"
"AR268766065402576896","AR08014495698315640833"
"AR307397543883440128","AR12254769987415179265"
"AR418551331863658496","AR10601445347844685825"
"AR569126322551390208","AR16614254426709819393"
"AR68466589061611520","AR14722742583214211073"
"AR105353314387886080","AR02337315979802968065"
"AR138151437006798848","AR06035979499714117633"
"AR152623037252894720","AR13105915132616114177"
"AR289456400336158720","AR00959742121969975297"
"AR33795620183474176","AR10753322263378919425"
"AR35908812812582912","AR01392087686197542913"
"AR377127093848244224","AR10457375102306615297"
"AR389447396515381248","AR03344970145587003393"
"AR523508753346068480","AR07797835007917031425"
"AR170726255686057984","AR10232737592487444481"
"AR226458301074767872","AR11502668849644306433"
"AR248937541426741248","AR10165099760315269121"
"AR452712814541275136","AR02120910238663049217"
"AR113027046556303360","AR01039944485829607425"
"AR148318655388581888","AR03382740981341224961"
"AR66888996034183168","AR05629112506120142849"
"AR81463297538260992","AR12052108004183506945"
"AR205822735564144640","AR13389677093512544257"
"AR257142234632159232","AR04404133407475367937"
"AR293181511371325440","AR11623435495987478529"
"AR350559078990217216","AR05121068177660313601"
"AR437199839344721920","AR03261751821332381697"
"AR444946723396124672","AR13906746625730019329"
"AR449779077000200192","AR01503833251951673345"
"AR451197240841601024","AR06972047624509587457"
"AR471937706633461760","AR14574651561092317185"
"AR487593480902672384","AR01761885607333724161"
"AR54576905344516096","AR04206746056400044033"
"AR565975603262521344","AR13322123099101986817"
"AR75858296497504256","AR14123017264378675201"
"AR301417162701012992","AR04873370198154936321"
"AR404208271398797312","AR09896474363681570817"
"AR426669094931005440","AR14479548203336204289"
"AR484333944322392064","AR17861751523491446785"
"AR485829280136167424","AR10541150329200705537"
"AR486816710297387008","AR11422463874444558337"
"AR558844858039533568","AR17024081992800534529"
"AR70672552984313856","AR01887483645208297473"
"AR72549694210834432","AR18428360651609997313"
"AR152882144039927808","AR15325362503848820737"
"AR197887697585438720","AR09786797391616147457"
"AR210303692123930624","AR17656837740446089217"
"AR22183746602008576","AR08133131903441043457"
"AR25983796226555904","AR12061115203438247937"
"AR28551705633226752",NULL
"AR351973016583798784","AR06799585652280131585"
"AR520910676089110528","AR06510164367596584961"
"AR567119301513838592","AR17185367154455740417"
"AR155858659455270912","AR03846549483114463233"
"AR207540172726730752","AR09007674656081051649"
"AR229050502816464896","AR18202864010892673025"
"AR312871840479444992","AR03484198966550069249"
"AR333284995403612160","AR10178610559197380609"
"AR375023934262738944","AR05959335980115689473"
"AR46960416500219904","AR05845285288233926657"
"AR519786837766569984","AR08637517057203634177"
"AR532439673981632512","AR15930697943326130177"
"AR272167645141270528","AR03094448345343590401"
"AR393003423278039040","AR07057616017429626881"
"AR13206577758601216","AR14101748586328883201"
"AR139352447301713920","AR17059266364889366529"
"AR215941747232997376","AR13855799654945390593"
"AR260107548772794368","AR00414806567058145281"
"AR314133083395719168","AR05516624357700403201"
"AR369595920234315776","AR01148893306319536129"
"AR408941359718727680","AR03512438685758914561"
"AR413211450564149248","AR17033089192055275521"
"AR417582318522204160","AR12908157246122229761"
"AR512309127905542144","AR06487287516352217089"
"AR573939159824072704","AR01049814114517385217"
"AR15427522527232","AR12424676007426916353"
"AR225625283577774080","AR14879524145242046465"
"AR317290468473831424","AR17707784711230717953"
"AR36136858396131328","AR17765255771697709057"
"AR431802783440568320","AR13570221575717781505"
"AR522492838961741824","AR15162339426626961409"
"AR72665211651227648","AR04242866250323066881"
"AR107815705038028800","AR12660093953878523905"
"AR112762167333224448","AR15497727031860264961"
"AR114114394836697088","AR09710236197950849025"
"AR134910454685237248","AR07279783611815952385"
"AR201673900235423744","AR17626403258589249537"
"AR255979294927355904","AR06823428836806361089"
"AR274154050335801344","AR02488714195462258689"
"AR290834947399221248","AR05002813503069749249"
"AR386975316419018752","AR02323488384133103617"
"AR408132703276236800","AR13423454090717822977"
"AR469287402574184448","AR12270532586110976001"
"AR504098937141985280","AR08655531455713116161"
"AR507867444526710784","AR09989459374847819777"
"AR565998521208012800","AR06926491696674897921"
"AR66157408484851712","AR05202132970952982529"
"AR88920460275744768","AR17371849824084688897"
"AR89238356575125504","AR09650826973361995777"
"AR137332094685675520","AR17239410349984186369"
"AR32090346368270336","AR02368524380406808577"
"AR437916446048124928","AR15745059698627313665"
"AR442734987037376512","AR13263576303946170369"
"AR458483360801488896","AR04935576168007991297"
"AR123505083131363328","AR10390279741683793921"
"AR176823734856843264","AR11539137038997520385"
"AR205409903307653120","AR08857894784098893825"
"AR236104728902107136","AR01974042698104963073"
"AR280501496603213824","AR12835734339345973249"
"AR286887322698383360","AR04648190216786411521"
"AR312953376138592256","AR01075086664159723521"
"AR472705371908079616","AR08255371895365435393"
"AR495250686036934656","AR17330326767461728257"
"AR536720004029087744","AR17414146112259883009"
"AR547139251091800064","AR09520222584168251393"
"AR569371101327523840","AR14259862481571676161"
"AR116834449164861440","AR09379724377030918145"
"AR131651811458154496","AR13146750994471714817"
"AR15697212113682432","AR12729783887064989697"
"AR268644157050847232","AR01588855874787475457"
"AR298396013985529856","AR03454532631004184577"
"AR372136788526891008","AR15708186476678217729"
"AR458515487156862976","AR03824942842678083585"
"AR463420786485493760","AR00676015345445634049"
"AR481645672752218112","AR05476008123292450817"
"AR499516962951397376","AR00709578625078263809"
"AR568744310980214784","AR00011208421533548545"
"AR92028745287729152","AR12740087685406785537"
"AR127305510713032704","AR11817076398630109185"
"AR153290715688861696","AR00679758357904490497"
"AR210209031044726784","AR06926167203305750529"
"AR266518560556187648","AR12662857026599124993"
"AR31201185058783232","AR06696567460071473153"
"AR349521071294119936","AR00449990939146977281"
"AR403612370456281088","AR00207640984199102465"
"AR508584978943049728","AR17410429762958000129"
"AR5339228464480256","AR09912898181182521345"
"AR67428100329177088","AR02216246418006343681"
"AR79101477842321408","AR00941727723460493313"
"AR201509626326286336","AR15794599294528389121"
"AR356300969228632064","AR04494341327147761665"
"AR402262101457895424","AR06364061674814570497"
"AR573823504944726016","AR07443176537261604865"
"AR155317356137021440","AR13740957864447442945"
"AR274415356146089984","AR07120324738974482433"
"AR330571572504952832","AR13516143195817246721"
"AR368090791895105536","AR15682009303844126721"
"AR445552141986168832","AR01040806915262644225"
"AR471213781305786368","AR10755071311500804097"
"AR50331244273074176","AR03139484341617295361"
"AR516484110995161088","AR08800243266285993985"
"AR116668422909067264","AR14326425816005607425"
"AR119915349465366528","AR07125170011840184321"
"AR259196053633368064","AR07156695209231777793"
"AR262011421875765248","AR17132168383857426433"
"AR267629926293700608","AR02755833948360671233"
"AR321338011293843456","AR17202847190314123265"
"AR339401406790238208","AR05334989159960412161"
"AR559948286677483520","AR12807868316651618305"
"AR181057026422472704","AR03925311761619615745"
"AR228048504126177280","AR14980673580000346113"
"AR550941087422742528","AR09997622149172428801"
"AR87814901334016000","AR05717953045644443649"
"AR198678796201623552","AR01842447648934592513"
"AR22118875415969792","AR12015234782234411009"
"AR302615767814242304","AR14502066201473056769"
"AR342429839770255360","AR02332178924039045121"
"AR356808771801972736","AR07962839542531096577"
"AR472756602277986304","AR05841644118039592961"
"AR50362717793419264","AR17803204728335630337"
"AR511555618843131904","AR01372401617696980993"
"AR540924055457366016","AR02260659266065006593"
"AR554095139606233088","AR16735851616648822785"
"AR82302637227114496","AR14240797224823947265"
"AR117183337948250112","AR02693627978507616257"
"AR13771829814493184","AR09388228824593858561"
"AR163584893303914496","AR05673322356844527617"
"AR187103996777857024","AR03789493900603817985"
"AR188816932814716928",NULL
"AR200512644157800448","AR14605648992902578177"
"AR204005311562907648","AR11038798088025145345"
"AR204579634589728768","AR10560655940355358721"
"AR207706061543571456","AR01860462047444074497"
"AR230696265564815360","AR17370859164108062721"
"AR263244008770240512","AR03598851503609085953"
"AR287687595364712448","AR14997566339210543105"
"AR297665525947826176","AR15185467653717229569"
"AR445302209249280","AR16987208770851438593"
"AR475951439470919680","AR06310018479286124545"
"AR570119765666824192","AR12180460593563566081"
"AR107652324482088960","AR04804884917395652609"
"AR154988739599269888","AR18321118685483237377"
"AR167312718758412288","AR16028786475151654913"
"AR191467339953209344","AR05379722378219618305"
"AR207857828507942912","AR05726040091105689601"
"AR287836510470799360","AR03443343313485168641"
"AR322480919271178240","AR08070081508657856513"
"AR458517892338548736","AR01010293543446511617"
"AR524302841259491328","AR17141540895850496001"
"AR64967943062028288","AR12658932869599592449"
"AR77920671073566720","AR11892230217411854337"
"AR117088298911924224","AR12752997876062224385"
"AR236446883176775680","AR09712990749456334849"
"AR27562076448751616","AR00635482948799299585"
"AR295939086533787648","AR04065383770562232321"
"AR312619193323225088","AR02602693556527169537"
"AR39408695762747392","AR10988414067193937921"
"AR419831129038651392","AR11961191586705965057"
"AR464408903841480704","AR17555506748830253057"
"AR48274092377243648","AR12612806157791133697"
"AR163802356088045568","AR10813618106656620545"
"AR192226827610095616","AR13568233521255809025"
"AR232872645752782848","AR03857185333967847425"
"AR279687823638921216","AR16413083656123318273"
"AR313540377908871168","AR03652894699137531905"
"AR39483840510558208","AR09470384333421281281"
"AR445734557837164544","AR00134041874859032577"
"AR451815269455626240","AR11451242766667874305"
"AR475095057351835648","AR08323127512720736257"
"AR65414138624475136","AR15902685685585281025"
"AR346490336211632128","AR12716193236150910977"
"AR376852456459468800","AR06570466670505099265"
"AR531861365225160704","AR02305557823385239553"
"AR533562584591237120","AR16672040634697121793"
"AR118759694025097216","AR06328032877795606529"
"AR193768445991452672","AR17947319916411486209"
"AR230482101315567616","AR09159934613978611713"
"AR276784941142900736","AR17197698864556015617"
"AR30860748771033088","AR16033290074779025409"
"AR316331969212317696","AR15303442640037478401"
"AR512205979970961408","AR08201895635520061441"
"AR514569826891464704","AR02923389212512223233"
"AR558930894824407040","AR01693828861231366145"
"AR98227516967223296","AR02993117353727754241"
"AR158798306871345152","AR14044352704969441281"
"AR160260416818118656","AR02209993770257088513"
"AR403984761300713472","AR12917789792615268353"
"AR541173782035824640","AR01549713673155510273"
"AR79210054615564288","AR07605102027001036801"
"AR1137238620504064","AR16073822471425359873"
"AR118936887195860992","AR03455009544172732417"
"AR12050647440424960","AR06199057140200505345"
"AR168736483237167104","AR00387784969293922305"
"AR220290934196142080","AR07090769866419863553"
"AR251611072669155328","AR16469624254875303937"
"AR296997332115783680","AR04750910578782896129"
"AR327569184206618624","AR04738262209333821441"
"AR332634943513427968","AR01139886107064795137"
"AR353708939285626880","AR18393802863710044161"
"AR454975506392023040","AR14645980453798936577"
"AR562807978982375424","AR06304670454728622081"
"AR574822445618298880","AR04819327002626490369"
"AR82423652225646592","AR15749563298254684161"
"AR110277717731049472","AR06250627259200176129"
"AR111628021089173504","AR10622045110507929601"
"AR170097472473923584","AR03355657123731079169"
"AR309159786144858112","AR16717837218139340801"
"AR3474456743772160","AR00053674171938373633"
"AR381121104195878912","AR12903288333756530689"
"AR477270578546343936","AR16648031423915098113"
"AR492698238512529408","AR14799303776879509505"
"AR14036949555740672","AR13153238113075593217"
"AR170713954899722240","AR10502869732368056321"
"AR20123278991425536","AR02909040173452886017"
"AR262288773683871744","AR07012174988560039937"
"AR300281023592136704","AR16392733620038533121"
"AR307550032402317312","AR00667008146190893057"
"AR313047934138580992","AR07215242004387594241"
"AR344237883562917888","AR14416301683166412801"
"AR347943237748523008","AR07273788799543410689"
"AR562625941088501760","AR10692020916717617153"
"AR93595961674170368","AR11555814431367626753"
"AR289915721318662144","AR16623261625964560385"
"AR567182867029819392","AR14947922564582735873"
"AR7629992221474816","AR10880327676137046017"
"AR77006736392716288","AR11398106393354436609"
"AR79539701945466880","AR01956028299595481089"
"AR142743272442298368","AR17752802703001518081"
"AR17917091730423808","AR13156492255176949761"
"AR308396209679106048","AR12740855281961926657"
"AR360607069079863296","AR11286878697576988673"
"AR389237355434737664","AR06300148850598346753"
"AR391777089855946752","AR10701028115972358145"
"AR405844379060666368","AR07547663951882878977"
"AR442981243282259968","AR15519119130090274817"
"AR475005240995741696","AR16785654683023704065"
"AR494684265749938176","AR14137471444237418497"
"AR551899861562163200","AR04922909794056011777"
"AR131699502775009280","AR14537250573561888769"
"AR164784804087201792","AR12303085689435586561"
"AR201201831789985792","AR02707138777389727745"
"AR243205718591668224","AR00266690531046719489"
"AR363790636278611968","AR01252476097749057537"
"AR571104343969759232","AR11636932413535289345"
"AR168224591854960640","AR13587835477116846081"
"AR351681817801129984","AR12439417572137369601"
"AR369244901147148288","AR00240318607215558657"
"AR403119926685990912","AR18289593488091643905"
"AR457894572324814848","AR14663351363128262657"
"AR509453627488731136","AR16738103416462508033"
"AR558646808507580416","AR02063124030675746817"
"AR159936541924261888","AR16744858815903563777"
"AR240496659379781632","AR02234260816515825665"
"AR333186451673972736","AR12975345927794458625"
"AR372368922919305216","AR08502427072885424129"
"AR406207011739402240","AR05491752717485342721"
"AR454286731076698112","AR17346592117849325569"
"AR459725327904538624","AR01306958685611753473"
"AR479224857385500672","AR16138483650743238657"
"AR55134392099536896","AR08415954056773632001"
"AR187458967234936832","AR04187081016059363329"
"AR314578042007584768","AR01339035150645723137"
"AR329053043867779072","AR17145618984477917185"
"AR48106348134531072","AR08600464202542350337"
"AR85489915277606912","AR01360562488805949441"
"AR93524940094963712","AR02635081183351799809"
"AR194396610728296448","AR03495268712179564545"
"AR228768581163155456","AR11380209230272266241"
"AR268437723742732288","AR08646542260961280001"
"AR282434987800657920","AR09034696253845274625"
"AR34020779548999680","AR07190681113646333953"
"AR41140014259634176","AR02454937198256979969"
"AR422941475634937856","AR10634160904012300289"
"AR456365495247962112","AR11480150851507453953"
"AR68737343799951360","AR08979790628883791873"
"AR227640688391487488","AR12898784734129160193"
"AR333034409831694336","AR11335275076263084033"
"AR352100113256022016","AR02328836408690606081"
"AR371002504843886592","AR12137676397103546369"
"AR406446361676873728","AR06517184062145167361"
"AR445165526210052096","AR00252676980472807425"
"AR445901030769557504","AR14547102197746761729"
"AR451384363976753152","AR12526614616656052225"
"AR499235110017564672","AR01444381833604104193"
"AR129351942370492416","AR00689526144327745537"
"AR137585497756139520","AR16280988054284402689"
"AR221099350120464384","AR05964231967955222529"
"AR227374950174949376","AR11110855682063073281"
"AR239482428622635008","AR13825681832437350401"
"AR428319187006390272","AR16349862149843058689"
"AR45455253801271296","AR00931959937037238273"
"AR513054424990482432","AR11239771358835507201"
"AR555243098465107968","AR05909906060499484673"
"AR83065285979930624","AR18241044552167194625"
"AR14334436170530816","AR06841443235315843073"
"AR193738346860642304","AR03720951445239889921"
"AR307126514267193344","AR03389119248293953537"
"AR369609835928354816","AR12916799132638642177"
"AR371420181823488000","AR16537693233044520961"
"AR493682301419388928","AR05350751758656208897"
"AR97629279562498048","AR02251430790095175681"
"AR164844143355363328","AR10795603708147138561"
"AR227673879898750976","AR07182956219827486721"
"AR258488689699586048","AR08719809592667668481"
"AR288179248861020160","AR01871034538939908097"
"AR358156841777102848","AR11578367613876568065"
"AR459276933318836224","AR09521085013601288193"
"AR49821002158309376","AR06548574706801311745"
"AR83259762099093504","AR00897194478878588929"
"AR120181018962427904","AR06088497672614838273"
"AR161586359121739776","AR01902579527540801537"
"AR175699037540843520","AR03412988133904482305"
"AR223468385361461248","AR13520281482706288641"
"AR292868769032699904","AR08756372752337731585"
"AR29402177877311488","AR08433764358437208065"
"AR312665922567405568","AR06358713650257068033"
"AR379455137921368064","AR06161399691582898177"
"AR437222860369428480","AR12080518972328378369"
"AR499565410182496256","AR14225949282363506689"
"AR537845903935930368","AR17460931156655472641"
"AR539841448820867072","AR00106357958778028033"
"AR77179119200108544","AR17983348713430450177"
"AR89517838687010816","AR14956869565575856129"
"AR124593908880506880","AR09056668481897889793"
"AR186947144572207104","AR06863961233452695553"
"AR272445134388330496","AR05818281694972608513"
"AR321358558417387520","AR10694638029269630977"
"AR440853413404606464","AR16602960243269304321"
"AR446907083908972544","AR05085039380641349633"
"AR469116187997896704","AR05022491737549963265"
"AR475368835747151872","AR03926769851477000193"
"AR553703266790146048","AR07781851132506144769"
"AR158243912492777472","AR09277046208793149441"
"AR297722116436918272","AR14628166991039430657"
"AR304539844443373568","AR07665601967124643841"
"AR433089796160618496","AR04920393699134799873"
"AR434030909394518016","AR07683616365634125825"
"AR479235234026487808","AR02164455022291582977"
"AR62187965350150144","AR17047590650914013185"
"AR77652733833773056","AR18186010696662122497"
"AR140294488248549376","AR09349452760333942785"
"AR170728970105389056","AR09333628588986990593"
"AR276464433503404032","AR16155669704680144897"
"AR316127322610597888","AR05870793957998329857"
"AR43917105753489408","AR02593704361775333377"
"AR85298600254373888","AR00585943352898224129"
"AR9527611852062720","AR18291222139690287105"
"AR129586550664069120","AR07893033748306853889"
"AR155750220120981504","AR11323515524526112769"
"AR157830599199948800","AR04996102496410664961"
"AR16559366668812288","AR01270490496258539521"
"AR217572907092541440","AR14144030031097102337"
"AR223861684106690560","AR06652657363704610817"
"AR33107635142131712","AR13538661193954099201"
"AR342176264901099520","AR05798664208509829121"
"AR377185161806086144","AR04416254835976830977"
"AR515231165955702784","AR07903532160206766081"
"AR78937959847428096","AR02542225089923907585"
"AR119554297334595584","AR00395947743618531329"
"AR199467283477692416","AR17064614389446868993"
"AR256787917010108416","AR06059382192394469377"
"AR283960354025766912","AR09544105763429941249"
"AR463300802279112704","AR16771017984234749953"
"AR471991754501914624","AR07115318387655311361"
"AR519983272390819840","AR05785156295845740545"
"AR121357702562578432","AR16289995253539143681"
"AR171376513734672384","AR05571428140397363201"
"AR177801956608180224","AR07899789147747909633"
"AR194575899843100672","AR10907014610049564673"
"AR215725418320232448","AR12708771120346562561"
"AR291289698536521728","AR09355418985304162305"
"AR351083236799021056","AR18185250109493608449"
"AR453812910284603392","AR00576091728713351169"
"AR63869737104310272","AR10984754892496699393"
"AR73742939204878336",NULL
"AR102439196257419264","AR00787844748961382401"
"AR137577217059192832","AR10462337335721721857"
"AR284243375190704128","AR11138242592565624833"
"AR33769987818651648","AR13591476647311179777"
"AR431159191181197312","AR14884872169799548929"
"AR53689358942732288","AR09367962626270691329"
"AR89974685768351744","AR17036730362249609217"
"AR92226485582036992","AR07471084753714675713"
"AR97415939946971136","AR10955481494918791169"
"AR156056708987224064","AR06818925237178990593"
"AR239689892722900992","AR13871562253641187329"
"AR437541409503838208","AR10705897028338057217"
"AR481220711508082688","AR09822826188635111425"
"AR49464416793526272","AR03824031484977610753"
"AR78778290143232000","AR18122960301878935553"
"AR165221275843690496","AR01467888292694327297"
"AR317542187917115392","AR03530453084268396545"
"AR494989826903244800","AR02117167226204192769"
"AR55498502247022592","AR01626640179559137281"
"AR562424627381403648","AR05538923278145421313"
"AR575825268942307328","AR05314722961637244929"
"AR64284356067196928","AR05184118572443500545"
"AR69471542689398784","AR17599698320173826049"
"AR75218140211970048","AR04828334201881231361"
"AR143168955240939520","AR07244515401965502465"
"AR179947481751093248","AR14102552191889833985"
"AR180445629237952512","AR11118539344195878913"
"AR335995257206341632","AR06750610655599919105"
"AR369693673689972736","AR06251471684130308097"
"AR389744367734095872","AR14646181389548912641"
"AR419123284068532224","AR03403601190821298177"
"AR487626603690459136","AR11732352430640201729"
"AR505635813879447552","AR16033792826470825985"
"AR63417837825294336","AR17000701565230645249"
"AR70207597004718080","AR07764681158926794753"
"AR160679674345684992","AR13281590702455652353"
"AR195022782600314880","AR04462680202631184385"
"AR201564292670029824","AR08297618705517379585"
"AR245435218935152640","AR09562181047395811329"
"AR331320614801375232","AR08876309679718793217"
"AR54563608125767680","AR08156494326508027905"
"AR114794992534290432","AR08417703104895516673"
"AR197598903984455680","AR15078044405610840065"
"AR218941180593831936","AR16694158135723556865"
"AR225745130345201664","AR02395545978171031553"
"AR232291450778288128","AR02860955231435358209"
"AR263820427741102080","AR01335792690855411713"
"AR309397624253841408","AR09182452612115464193"
"AR431399331392651264","AR03149391628578324481"
"AR448931284815708160","AR13416012183704174593"
"AR463929413692555264","AR13964218373391777793"
"AR105853214221402112","AR14348943814142459905"
"AR140128187114848256","AR00533553822857953281"
"AR156716347244412928","AR02810721568819249153"
"AR272172421144903680","AR00749701591082205185"
"AR284079547958165504","AR08849073677187153921"
"AR371276283239202816","AR12443921171764740097"
"AR419392355179692032","AR07557515576067751937"
"AR487034447959425024","AR11571858505040134145"
"AR94037793549844480","AR11768381227659165697"
"AR129928223902400512","AR07589040773459345409"
"AR190817288063025152","AR16317519602995167233"
"AR193021705797500928","AR10479190649952272385"
"AR223783395442819072","AR11543201246290640897"
"AR281588638725177344","AR08854552268750454785"
"AR3489643748130816","AR14716708051084115969"
"AR430194026130440192","AR11408093257469526017"
"AR446008782909079552","AR03882578280133427201"
"AR469817195380080640","AR13042055497274884097"
"AR104324618180886528","AR00983888771705470977"
"AR159631771044937728","AR16335259535914565633"
"AR165692931972268032","AR00263974737326112769"
"AR247252058820837376","AR12034955210473340929"
"AR283883594370252800","AR07427901846850633729"
"AR285228709407883264","AR11426107655979008001"
"AR395368369710170112","AR09349948227761209345"
"AR70834009394905088","AR07857004951287889921"
"AR85563616916406272","AR14666447587872079873"
"AR92423916638699520","AR15533390516140900353"
"AR137516606480711680","AR07511617150361010177"
"AR296903323871608832","AR12575028312650285057"
"AR397061136580608","AR10000031866343653377"
"AR408452729879396352","AR05142825588628652033"
"AR459749826397995008","AR00517628771319152641"
"AR474213317745836032","AR11388407188968964097"
"AR507019171305881600",NULL
"AR560850573407027200","AR01368725263130558465"
"AR571775664537993216","AR08609101278695391233"
"AR164930283219451904","AR03358604914405146625"
"AR471990139594211328","AR15614027187093504001"
"AR505648458263166976","AR07403891536556982273"
"AR554684580917936128","AR09403991423289655297"
"AR175172096593231872","AR02566766601772728321"
"AR236539104714555392","AR03031397950560403457"
"AR26145390076100608","AR09002673390003159041"
"AR365237112544428032","AR05883528913988091905"
"AR414912738649702400","AR08003799649200635905"
"AR508521310347853824","AR07908796347002650625"
"AR67700607414173696","AR02758248750773174273"
"AR333554856788754432","AR02009080835147300865"
"AR343993345304952832","AR09564097496163024897"
"AR473713589711011840","AR13321278674171854849"
"AR53506015378800640","AR00270691378982289409"
"AR108242143750914048","AR17201600206689271809"
"AR122829845552955392","AR02667077384036941825"
"AR126053819804024832","AR08157096996319002625"
"AR35497664183271424","AR17816715527217741825"
"AR222621898847027200","AR05837140518412222465"
"AR441735393528774656","AR17569017547712364545"
"AR452709790884298752","AR14520164437744156673"
"AR494203504290693120","AR01677121782047309825"
"AR124792370729320448","AR08421362279592755201"
"AR23989694450630656","AR05061676957574365185"
"AR290864806011863040","AR15654143281149771777"
"AR344625495771447296","AR17442916758145990657"
"AR410606776237424640","AR06412633288166342657"
"AR434365401447530496","AR10763186394508558337"
"AR517961717183938560","AR08512278697070297089"
"AR521583920802693120","AR15063063009926578177"
"AR551292828064415744","AR03537805381084381185"
"AR104129661025386496","AR08448365872854073345"
"AR107922873061998592","AR03065174947765682177"
"AR198912511142002688","AR01166907704829018113"
"AR248470386423889920","AR06233404096745832449"
"AR404119588914069504","AR08731206030689566721"
"AR498313272596889600","AR10935879539057754113"
"AR556438336323977216","AR09977909005198032897"
"AR89129092607115264","AR09999457234079186945"
"AR109607840271826944","AR16420964955471216641"
"AR143716065354973184","AR15546056890092879873"
"AR387412028693676032","AR02305473985623621633"
"AR477301639749828608","AR05886680114313297921"
"AR570579945642786816","AR06644913503310184449"
"AR177243370341531648","AR11844181834155950081"
"AR222880077921124352","AR14124625437573251073"
"AR235642487341842432","AR07088380627652706305"
"AR463471638898278400","AR15926832335320776705"
"AR468894773843853312","AR05238161767971946497"
"AR499213600821346304","AR15956605323494555649"
"AR50907594524459008","AR06321857608177156097"
"AR516488612120887296","AR01476811654187450369"
"AR51838365477109760","AR12672787815621197825"
"AR231125315617816576","AR05449830950458359809"
"AR306121560639406080","AR12353849179217330177"
"AR408034743662149632","AR12268280786297290753"
"AR515001660083273728","AR00513885758860296193"
"AR116025139887341568","AR09578769379324067841"
"AR145343548722511872","AR09655348577492271105"
"AR146361696489832448","AR11164036448158482433"
"AR213932321013760000","AR12380870776981553153"
"AR288722476324618240","AR08508765757419552769"
"AR308915832002445312","AR17758168732061925377"
"AR342332326832766976","AR11583733642936975361"
"AR384990079455592448","AR16213434059873845249"
"AR398130892674957312","AR13696779074926542849"
"AR420058693585862656","AR04146038858334601217"
"AR420640644474601472","AR11898985616852910081"
"AR503955794471944192","AR15699161272920571905"
"AR58136265001795584","AR00846307706355580929"
"AR100887579192197120","AR07411391580247949313"
"AR134396295560298496","AR01165928039968669697"
"AR171972414677188608","AR04598650620885336065"
"AR242482686617190400","AR04148933872450535425"
"AR254872636473999360","AR13582487452559343617"
"AR368545302514237440","AR10754226886570672129"
"AR486771389802479616","AR14825480949713600513"
"AR493640279459364864","AR11849310781021618177"
"AR501695817040527360","AR14808310976134250497"
"AR525090950578438144","AR06908152804796268545"
"AR215567294804262912","AR08084436732470099969"
"AR241098332758343680","AR12837022829534773249"
"AR243074395671625728","AR07611558771596197889"
"AR249494237907779584","AR06936018827490623489"
"AR269267580143796224","AR12457431970646851585"
"AR8681984331087872","AR01539659738831126529"
"AR177548278659809280","AR09746873024899973121"
"AR204121687996760064","AR15692507715744038913"
"AR238715416183046144","AR16023800052480737281"
"AR304375604893974528","AR04903008908471173121"
"AR438028699313373184","AR02085642028812599297"
"AR466366343776567296","AR11518214844549431297"
"AR470596646044958720","AR07352601793022394369"
"AR513883903434424320","AR07296306797680263169"
"AR516480709381062656","AR12690684566386507777"
"AR197428033005551616","AR18271579089582161921"
"AR213797768278310912","AR07552156144077111297"
"AR296738225328750592","AR04277733963063099393"
"AR35066827423875072","AR04992673119643631617"
"AR395785634372911104","AR10255674504554479617"
"AR50820561307172864","AR05190873971884556289"
"AR553917121801748480","AR18127463901506306049"
"AR100937125934923776","AR11926936714259464193"
"AR229273050841874432","AR16300631104392527873"
"AR24722999986880512","AR11727848831012831233"
"AR502767325481533440","AR09465880733793910785"
"AR8408171576033280","AR02233416391585693697"
"AR134711099483226112","AR18070479100056698881"
"AR209408827097874432","AR12868531671690903553"
"AR210512496253992960","AR10384931717126291457"
"AR233753114048462848","AR16735216098927968257"
"AR271489246466932736","AR06992313822832754689"
"AR279025642761093120","AR09361572539567964161"
"AR311671242501390336","AR17862135527927447553"
"AR4681823590285312","AR00777054829041156097"
"AR48647273495658496","AR15894669146307166209"
"AR513330436768792576","AR09150945419226775553"
"AR5140526097498112","AR01786152653592461313"
"AR564977899539529728","AR04792024891958231041"
"AR80184084478820352","AR09745420570039681025"
"AR86947146141532160","AR02583559717741658113"
"AR185984384703135744","AR17797856703778127873"
"AR194752989934649344","AR15690963314223874049"
"AR195237221727469568","AR10477073952629850113"
"AR234497483420467200","AR10360408209780375553"
"AR395625208754470912","AR01806418851915628545"
"AR486150406250954752","AR16547075365764333569"
"AR567899095776100352","AR17877532813884915713"
"AR176229551901245440","AR08763987694993801217"
"AR211004184110039040","AR16928643971192717313"
"AR237162665246457856","AR14493059002218315777"
"AR249052612190535680","AR14469438881113571329"
"AR382501747202981888","AR10655992119698653185"
"AR456716445615652864","AR13672559445106753537"
"AR54375900875063296","AR08213902852251189249"
"AR560566177852555264","AR12336925496242601985"
"AR562645732297801728","AR15340726392140595201"
"AR159653933076185088","AR13441468489227304961"
"AR26168376741068800","AR09961593352153464833"
"AR318400975217885184","AR01566883646734860289"
"AR328660174619279360","AR00853284382511726593"
"AR388389563250245632","AR17507250970193559553"
"AR75246040319524864","AR08872566667259936769"
"AR118595523195174912","AR02935977933455491073"
"AR243325565359095808","AR11561215644800122881"
"AR323682341882953728","AR12579029160585854977"
"AR335696396202016768","AR16078326071052730369"
"AR342035218175098880","AR15811853105869357057"
"AR373793993068118016","AR14252734210249850881"
"AR416293106778898432","AR07737659561162571777"
"AR423493430472081408","AR01407859768181129217"
"AR426092744679620608","AR01858519622714654721"
"AR45020946708299776","AR09625658465007435777"
"AR528913815069261824","AR08297096574933139457"
"AR57659970308538368","AR08034897136569024513"
"AR71365107870859264","AR06260478883385049089"
"AR143909751200153600","AR02357349219100000257"
"AR168838188062736384","AR12069277977762856961"
"AR187104649612886016","AR15214625602574221313"
"AR195826663039172608","AR00107717367466819585"
"AR214480427560206336","AR13074425119596609537"
"AR279843541973204992","AR12698520785757667329"
"AR325168125689462784","AR01032302467699703809"
"AR370764666734903296","AR00254305632071450625"
"AR383080296477622272","AR06827932436433731585"
"AR413581298787942400","AR10321881322343104513"
"AR456893604426678272","AR10438974912654737409"
"AR110903923962806272","AR15862168269784875009"
"AR194838133366325248","AR02481096366588166145"
"AR366181352514519040","AR02296466786368880641"
"AR427517952267386880","AR01734361257877700609"
"AR455163522880372736","AR13109591487182536705"
"AR482861079777509376","AR03632410522634158081"
"AR569241565113876480","AR05598952489853386753"
"AR177763439341469696","AR06880136011569954817"
"AR216491881004007424","AR09372145168502751233"
"AR531555941510807552","AR14560612996628873217"
"AR53609128953643008","AR04052670529927118849"
"AR544209671079067648","AR06237960885248196609"
"AR116209789121331200","AR09620164205403439105"
"AR127820563191169024","AR06345079293755785217"
"AR1997297231593472","AR17650082341005033473"
"AR2131815607304192","AR08066925085652418561"
"AR220615908601626624","AR04967945790329716737"
"AR281140725175812096","AR05842634778016219137"
"AR294863970320252928","AR05971268842372988929"
"AR33800739784491008","AR01308010505922674689"
"AR361386176147357696","AR08651890285518782465"
"AR387819019794644992","AR06771602256719511553"
"AR575329560996872192","AR08930251032982716417"
"AR105054968779636736","AR12398885175491035137"
"AR108780973168001024","AR16116938995274874881"
"AR140375027475283968","AR14352686826601316353"
"AR151725801404891136","AR05490363347104694273"
"AR200786216394686464","AR03440381091720986625"
"AR246769063978598400","AR04479713287012876289"
"AR257012423540604928","AR11672961210554253313"
"AR276600498067341312","AR05152593375051907073"
"AR283611980638453760","AR06503409655350296577"
"AR305974981995528192","AR09300408631860133889"
"AR313858274208251904","AR13637375073017921537"
"AR399188966458261504","AR01216447300730093569"
"AR408147409244258304","AR11790899225796018177"
"AR445532350776868864","AR15519879717258788865"
"AR511698761513172992","AR14713735383959470081"
"AR532950672010641408","AR08705933481047228417"
"AR547679454898421760","AR09290640845436878849"
"AR159208424708505600","AR04350192054211444737"
"AR173764618630463488","AR09979607750662946817"
"AR226142569438904320","AR08299848927415369729"
"AR242860128343162880","AR02621429646981332993"
"AR261628035915055104","AR05611960537043697665"
"AR28195257707397120","AR17783441281704263681"
"AR369093683938590720","AR15587433711669346305"
"AR9944464197943296","AR12359981430443343873"
"AR159884796158279680","AR00118641702683541505"
"AR16275898827276288","AR01131969623344807937"
"AR184103120308011008","AR04372608210083774465"
"AR218657540953604096","AR01383080486942801921"
"AR253306176001802240","AR04182067655353565185"
"AR262211429912805376","AR05821377919716425729"
"AR342799447475879936","AR02740915774595006465"
"AR424173993809936384","AR02112663626576822273"
"AR42859444287045632","AR08521285896325038081"
"AR439977446234652672","AR02077489287531593729"
"AR466301335151575040","AR02476694609225318401"
"AR512516351487639552","AR13091678930937577473"
"AR559383618737143808","AR06085341249609400321"
"AR131641366097690624","AR01612764067938697217"
"AR186974632362901504","AR17980473765401722881"
"AR291419440908599296","AR16465635639006593025"
"AR324198700031148032","AR16825079184266100737"
"AR496410876962668544","AR05387771215651799041"
"AR234582729931358208","AR11538697646663270401"
"AR267112502993616896","AR06361809875000885249"
"AR388114616623824896","AR16931634642820268033"
"AR432837664400474112","AR10826284480608600065"
"AR488666088855306240","AR10422390978772992001"
"AR296978434259681280","AR17879765922000928769"
"AR370546035719667712","AR08066422333960617985"
"AR410803485739581440","AR03108742271382585345"
"AR566292949806088192","AR10917200898086141953"
"AR155103501125419008","AR03224208309607202817"
"AR182061533373661184","AR02944985132710232065"
"AR189769109884370944","AR02917963534946009089"
"AR190231179645943808","AR12244900358727401473"
"AR207491588056678400","AR10844298879118082049"
"AR256753900869124096","AR06904493630099030017"
"AR313821852885581824","AR14776785778742657025"
"AR355827079717060608","AR04297954256775806977"
"AR39829499478540288",NULL
"AR75576787161055232","AR03458395490230468609"
"AR166127685741838336","AR08908595464278900737"
"AR253947878475563008","AR07012580021155921921"
"AR306223368544190464","AR17794197529080889345"
"AR392587017608757248","AR00446331764449738753"
"AR441780714023682048","AR01758363596712050689"
"AR465054111008555008","AR05647126904629624833"
"AR258931346208980992","AR00608461351035076609"
"AR326078486957522944","AR08829782470799917057"
"AR380172500539015168","AR13618516249578307585"
"AR492636184825036800","AR00977756520479457281"
"AR49988127925731328","AR18404318318040186881"
"AR167934939260518400","AR05125571777287684097"
"AR314398752892780544","AR16448611900473737217"
"AR346096573609934848","AR17726643534670331905"
"AR355459155638616064","AR02179896563592069121"
"AR368960917909536768","AR02467603572208959489"
"AR385242726611812352","AR11339378178780037121"
"AR416859905023016960","AR08891571725746044929"
"AR57600562320900096","AR17548751349389197313"
"AR82027381363048448","AR13426012104519843841"
"AR109939068149694464","AR06580234456928354305"
"AR200959080238415872","AR08573210332946759681"
"AR210916979094061056","AR16882218604538363905"
"AR269732982799990784","AR03701273210759675905"
"AR36325596438986752","AR10669502918580764673"
"AR295567211085430784","AR07553011976440381441"
"AR307017181579706368","AR13953981232942415873"
"AR323714708756496384","AR09935416179319373825"
"AR333261081025708032","AR08281732686641364993"
"AR545220500222115840","AR02734160375153950721"
"AR105490684621881344","AR07778338192855400449"
"AR258908874940088320","AR02530635962489241601"
"AR321663466735665152","AR00181891521388216321"
"AR367168335999139840","AR11585985442750660609"
"AR374487510027337728","AR01966661951425609729"
"AR476355922310987776","AR17438922919597047809"
"AR95918920506015744","AR10829380705352417281"
"AR129367507331973120","AR02816215828423245825"
"AR190858519749066752","AR06859457633825325057"
"AR307833431524376576","AR04580636222375854081"
"AR4114887907213312","AR13479749086059954177"
"AR419709358125875200","AR07860247411078201345"
"AR8806916339793920","AR02173219504354492417"
"AR97925597946183680","AR03409700319259525121"
"AR115333890670854144","AR04106913836571820033"
"AR204060974339063808","AR00696784295460601857"
"AR20430609671258112","AR17584780146408161281"
"AR237965927210024960","AR07971846741785837569"
"AR245002767268052992","AR15990550958295744513"
"AR268691161172934656","AR07566522775322492929"
"AR319247049415458816","AR11276644443345649665"
"AR398012626455494656","AR04364463440262070273"
"AR42793576668594176","AR09219343838567464961"
"AR232448680941060096","AR12870602052086005761"
"AR278141944650006528","AR01973052038128336897"
"AR293894235424292864","AR17348850927049637889"
"AR342216740672897024","AR06688320847985246209"
"AR391871819654627328","AR00514218086249791489"
"AR472349370658848768","AR00576936153643483137"
"AR74707898097205248","AR08337141063294648321"
"AR40405609211756544","AR06034454477086392321"
"AR444851065884508160","AR00232913533841440769"
"AR543741966320402432","AR11619762439955939329"
"AR557838495662473216","AR09532344012669714433"
"AR236143933363585024","AR07658846567683588097"
"AR251007990541320192","AR05715543328473219073"
"AR30899609635127296","AR06781933955168862209"
"AR31203968197591040","AR04505728694198730753"
"AR505182368412205056","AR02931632251185659905"
"AR529844689101127680",NULL
"AR540193601779400704","AR14645100569618808833"
"AR540970097506779136","AR03693427095783866369"
"AR568293442493349888","AR10613710674930434049"
"AR114200431621570560","AR05805615321020628993"
"AR131741627814248448","AR15354237191022706689"
"AR136265602766471168","AR02360889371663532033"
"AR180838567205928960","AR02801748454424969217"
"AR358595615636062208","AR06679313648730505217"
"AR390265811123568640","AR03026894350933032961"
"AR426688508183183360","AR07625069570478309377"
"AR438208641263206400","AR03909599877897650177"
"AR528138178335342592","AR01644024970222764033"
"AR571162996043153408","AR12237739651812556801"
"AR93941792440844288","AR10723546114109210625"
"AR174342240192167936","AR06283306119167213569"
"AR186171988874625024","AR17646569401354289153"
"AR249957682058887168","AR14190455397751455745"
"AR250612990989041664","AR04829962853479874561"
"AR285548701651304448","AR06661299250221023233"
"AR29322119686914048","AR08992414809077055489"
"AR337136893873356800","AR08255652683147378689"
"AR340517892128768000","AR04836313357764001793"
"AR399819433297575936","AR07003572821901180929"
"AR448028242171920384","AR08588839890735595521"
"AR573375316517453824","AR08912236634473234433"
"AR5840399608315904","AR11781047601611145217"
"AR72578006635249664","AR08808671847546617857"
"AR183485607090061312","AR18200024247236034561"
"AR195030376102494208","AR15796090507173560321"
"AR207068276079984640","AR01017426487692754945"
"AR242570956785057792","AR04814823402999119873"
"AR263126326666330112","AR07849405126916702209"
"AR295473546438639616","AR01170548875023351809"
"AR432027289971064832","AR09075228650491609089"
"AR482330462337892352","AR01018288917125791745"
"AR151510400205062144","AR03814263698554355713"
"AR165582534132891648","AR10719042514481840129"
"AR169082176564887552","AR11230165887816302593"
"AR169936359660716032","AR00151210748926754817"
"AR171039479061020672","AR10962236894359846913"
"AR185322478703214592","AR04594147021257965569"
"AR243135762164350976","AR05723688098294923265"
"AR433713562850951168","AR06172035542436282369"
"AR454304598140649472","AR08093443931724840961"
"AR454622391360815104","AR06456245966637891585"
"AR477389463241097216","AR10244415505486053377"
"AR1053366499147776","AR03873571080878686209"
"AR139277336913641472","AR03413359493956763649"
"AR260591093370847232","AR11039677697327366145"
"AR298115191843848192","AR17692243389250011137"
"AR38699854360215552","AR14290397018986643457"
"AR412498623431966720","AR13060069895784366081"
"AR459483641504858112","AR13450171810955919361"
"AR504164804760436736","AR13780329176814845953"
"AR527685763660251136","AR04751773008215932929"
"AR78573506102558720","AR00974881572450729985"
"AR172620851659669504","AR10115560164414193665"
"AR195756053776826368","AR17990987433025470465"
"AR206710041447759872","AR11966539611263467521"
"AR305526827927994368","AR00622522592925843457"
"AR405064825316573184","AR09021185454963163137"
"AR143844502056992768","AR06850450434570584065"
"AR224556558275575808","AR16050460048358375425"
"AR23613111718117376","AR09204988614755221505"
"AR250114190667153408","AR15128066549677555713"
"AR261266227870040064","AR04940924192565493761"
"AR400011847832436736","AR05040003384367644673"
"AR481915602856837120","AR10664154894023262209"
"AR550376694360309760","AR14988454961229070337"
"AR79287948142444544","AR12221887442919096321"
"AR100252851745325056","AR09842469238743236609"
"AR163169758944952320","AR04121269060384063489"
"AR235361802639114240","AR04805816203744378881"
"AR309045471295307776","AR10336149684736753665"
"AR353180520869265408","AR16831417868800229377"
"AR402603877775441920","AR03389434120936357889"
"AR419152558565621760","AR13297353301151449089"
"AR426171600279175168","AR05937848361813016577"
"AR434089389669220352","AR06016440078576910337"
"AR439816333421445120","AR12709633549779599361"
"AR509730601339715584","AR15560412113905123329"
"AR109562966453518336","AR11475647251880083457"
"AR12985472842203136","AR08659736400494592001"
"AR234707593220587520","AR09619319780473307137"
"AR244030008715116544","AR16095496044632080385"
"AR280479059694059520","AR14432060296132558849"
"AR303323612784361472","AR09960551290008240129"
"AR314371265102086144","AR05620123311368306689"
"AR411227691069472768","AR10180862359011065857"
"AR416590868271595520","AR05944382484538982401"
"AR431946441506684928","AR00865166529795194881"
"AR458497654452649984","AR10768582110382915585"
"AR514578210667626496","AR15965736080368467969"
"AR550314503233863680","AR03330763768161370113"
"AR160915725748273152","AR12161185055217025025"
"AR174975936846888960","AR12223244790023585793"
"AR450025711202205696","AR17118657584975314945"
"AR499958313790734336","AR06995556282623066113"
"AR507374725878513664","AR01146018358290808833"
"AR144416832218988544","AR13951380475625865217"
"AR231184070770425856","AR15167754521393758209"
"AR366800514999910400","AR00034056685475594241"
"AR243732693899018240","AR06135869306463846401"
"AR269684844806537216","AR05287701363873021953"
"AR283255395273670656","AR15790095694901018625"
"AR297438030120091648","AR14764265639837171713"
"AR385966720658964480","AR04443779185432854529"
"AR456577082516832256","AR17317806628556242945"
"AR525256976834232320","AR16915995601743642625"
"AR182604692117782528","AR15023639333317902337"
"AR187721063319207936","AR00383281369666551809"
"AR266895727404253184","AR18377677151299174401"
"AR346749477358403584","AR06974299424323272705"
"AR357625640221933568","AR04441024633927368705"
"AR490608925901586432","AR14241003658132062209"
"AR491957373833838592","AR10414426391419289601"
"AR492809907662225408","AR05962396883048464385"
"AR110736695116169216","AR13943619847679115265"
"AR153799136737492992","AR08151990726880657409"
"AR284718089335996416","AR15868148101211488257"
"AR313909126621036544","AR04382477838771552257"
"AR327600795165917184","AR02081138429185228801"
"AR528016269983612928","AR18055771620206706689"
"AR136185544576073728","AR02140527037931061249"
"AR220117417517383680","AR07177464159246745601"
"AR254046594003894272","AR10444322937212239873"
"AR270526280439431168","AR01815595101083140097"
"AR283127748845633536","AR07324957047043129345"
"AR365919668747108352","AR10646140495513780225"
"AR441521091840573440","AR13602336935975583745"
"AR473050137522864128","AR04281755701719597057"
"AR547215564070715392","AR18292896283582529537"
"AR93761335094935552","AR12628568756486930433"
"AR115525343133040640","AR16004244963302834177"
"AR117739278515044352","AR09087877019940683777"
"AR186616363370938368","AR03060808512213876737"
"AR193465530538000384","AR11930510814244503553"
"AR211092351198691328","AR01648792864957661185"
"AR227161095163346944","AR17226743976032206849"
"AR281447282761531392","AR11438774029930987521"
"AR356967719951663104","AR05357242862989737985"
"AR36409434200604672","AR03697930695411236865"
"AR427177515979636736","AR02018088034402041857"
"AR428529606044155904","AR18267075489954791425"
"AR463600968953495552","AR07269285199916040193"
"AR549016323598843904","AR10727205288806449153"
"AR571716909385383936","AR08391120899465543681"
"AR125066011685683200","AR15515376117631418369"
"AR208809009145184256","AR12532462231809425409"
"AR292971504650420224","AR10015387645737172993"
"AR342807281496227840","AR05118816377846628353"
"AR371468491615633408","AR00261630990852554753"
"AR375299258846281728","AR11385575259332673537"
"AR386109141774499840","AR18049057727329599489"
"AR524769480866267136","AR05647989334062661633"
"AR84716821164326912","AR09574283784199602177"
"AR141963512539774976","AR04526593026847408129"
"AR175792805266849792","AR09255875387278229505"
"AR255780936157757440","AR03179914346243293185"
"AR327098593229930496","AR16515175234907668481"
"AR334826613784969216","AR11813417223932870657"
"AR358306203559788544","AR05726369944594022401"
"AR441976427093426176","AR12893418705068752897"
"AR572442002944163840","AR05376612272141500417"
"AR73425592661311488","AR13785993860721147905"
"AR168486069463941120","AR18086931504859971585"
"AR223003429381865472","AR07300810397307633665"
"AR277484677214765056","AR14514415916076236801"
"AR27961061730680832","AR00419310166685515777"
"AR31400677699747840","AR07682753936201089025"
"AR339259535430516736","AR01342548090296467457"
"AR357953191607795712","AR07640832169174106113"
"AR37946345297805312","AR10105708540229320705"
"AR465993815493181440","AR11748115029335998465"
"AR469506445906280448","AR02918807959876141057"
"AR541904132634574848","AR02099152827694710785"
"AR18534811106803712","AR07832235153337352193"
"AR264558200043339776","AR15923514971300823041"
"AR332648687408775168","AR00716259670045491201"
"AR338745891701653504","AR06803527951221522433"
"AR411646879877562368","AR18298600687346384897"
"AR442893076193607680","AR16496400249229672449"
"AR488049331551600640","AR01308375406344142849"
"AR64723129926156288","AR07504735444521713665"
"AR82605106003968000","AR18305356086787440641"
"AR94241340639936512","AR05638137709877788673"
"AR148211418645135360","AR15271565598924996609"
"AR193818542489993216","AR14741747641700319233"
"AR199211200347635712","AR04794557204675952641"
"AR273482695407828992","AR11017270749864919041"
"AR286078700615630848","AR06562220058418872321"
"AR313618683752611840","AR12805236773009489921"
"AR35516321521205248","AR17098391386652147713"
"AR170802534305234944","AR14523260662487973889"
"AR179709918520016896","AR09474519596653346817"
"AR201649882778304512","AR10132712133490638849"
"AR212760379057504256","AR17784785297230266369"
"AR277773264657317888","AR13510429858521415681"
"AR28101593060605952","AR08079070703409692673"
"AR334604031399821312","AR09791690905554518017"
"AR338706618520698880","AR18222039493681086465"
"AR351435836434153472","AR03344407607950442497"
"AR409801933725892608","AR03779498240395706369"
"AR414759116259459072","AR15817449345176829953"
"AR491939781647794176","AR00494129321615556609"
"AR509365735277985792","AR05788591582487773185"
"AR541258788028547072","AR01883970705557553153"
"AR310860318316167168","AR15498352379098562561"
"AR375818606291714048","AR09406243223103340545"
"AR416791872741048320","AR00282478143632048129"
"AR271571915997446144","AR12841042781484875777"
"AR280469679485485056","AR10087694141719838721"
"AR367440430767276032","AR01890034099867877377"
"AR403046534284836864","AR12497964367293186049"
"AR459378500705452032","AR01773707556355571713"
"AR4681273834471424","AR09632914417117036545"
"AR542544151481155584","AR11777388426913906689"
"AR165409842087854080","AR05743848743501824001"
"AR352536653731987456","AR18364993597478010881"
"AR430915718075121664","AR01500174077254434817"
"AR488648462309523456","AR05147329188256022529"
"AR525209835273191424","AR06616263253947318273"
"AR57055874568421376","AR14924521658608779265"
"AR133954394965147648","AR11029790888770404353"
"AR138215002522779648","AR04490564229828444161"
"AR146690175588630528","AR06868853647879438337"
"AR169069944498028544","AR15951064197207425025"
"AR234082211622551552","AR04578384422562168833"
"AR298065919979028480","AR15497361719121936385"
"AR330711794597232640","AR13915735820481855489"
"AR425766533323554816","AR18065040090911997953"
"AR45917426642059264","AR11170321531500756993"
"AR461504990553309184","AR08296471227694841857"
"AR503557496384782336","AR14380469011534053377"
"AR525744988198273024","AR02936822358385623041"
"AR54471146069819392","AR02425528560748855297"
"AR84788289420132352","AR17077280763398848513"
"AR133968826055262208","AR16294498853166514177"
"AR149633705655140352","AR08381674307876552705"
"AR169686873600425984","AR08458235501541851137"
"AR231824398854651904","AR16342289400945704961"
"AR540161269265596416","AR08566321892598743041"
"AR543338273754316800","AR03968146673053466625"
"AR146225872444063744","AR11809278937043828737"
"AR165282436177985536","AR07615199941790531585"
"AR309391439500935168","AR11654946812044771329"
"AR365511337616343040","AR17213233177150095361"
"AR482048918641704960","AR15510872518004047873"
"AR79376871145340928","AR00446859530031071233"
"AR94984644860051456","AR02247011028229423105"
"AR215285957266505728","AR08873557327236562945"
"AR278369955873816576","AR05926368086029500417"
"AR318895068255617024","AR01864103217638408193"
"AR370298061487865856","AR06170406890837639169"
"AR460099161857982464","AR13646382272272662529"
"AR547312321093959680","AR05940723309841743873"
"AR549390810387316736","AR02373570726461440001"
"AR67247711702745088","AR00054518596868505601"
"AR82656095855706112","AR07061275192126865409"
"AR125617794724134912","AR12592736772049338369"
"AR161763071256166400","AR05169666454169059329"
"AR237230628808949760","AR10615459723052318721"
"AR291733042240684032","AR05581868003303096321"
"AR468866461419438080","AR02863920339417563137"
"AR524270233867780096","AR14123763832773935105"
"AR551105258252664832","AR10201128557334233089"
"AR59917267680362496","AR17888773121255669761"
"AR88346068529446912","AR03233681839231074305"
"AR264315792089153536","AR06427112069597757441"
"AR288695881887121408","AR02238764416143196161"
"AR339941851115028480","AR11579230043309604865"
"AR365228625689051136","AR03021528321872625665"
"AR509047512561090560","AR16600802451699793921"
"AR54488497737695232","AR04431173009742495745"
"AR557583924360904704","AR05813760090842333185"
"AR11633588936114176","AR04539902889979543553"
"AR189191350883713024","AR04044592005680988161"
"AR202252999265878016","AR06567055298240970753"
"AR307342980618911744","AR12750165946425933825"
"AR35565868263931904","AR18434980811120836609"
"AR375939586930507776","AR10429967713399996417"
"AR425562470837387264","AR08358311884809568257"
"AR522937969372299264","AR04553614624611631105"
"AR65227668324352000","AR07164941821318004737"
"AR189706472081326080","AR00733181841191731201"
"AR199061254449397760","AR05551161942074195969"
"AR225198604346720256","AR13817519058112741377"
"AR258041978741063680","AR18230202268005695489"
"AR283015942256984064","AR14105696245389459457"
"AR331390605588430848","AR04142942633590784001"
"AR485851579606368256","AR05008478186976051201"
"AR507468768482426880","AR09425157159563296769"
"AR151434465183268864","AR14232779723473158145"
"AR15316678011256832","AR06269285146889814017"
"AR166816186179256320","AR06017284503507042305"
"AR187024350904320000","AR01085842911536349185"
"AR200139497399123968","AR09093243049001091073"
"AR204899523753934848","AR13709432667055849473"
"AR290564948575125504","AR13873814053454872577"
"AR342583874477359104","AR02276909773045628929"
"AR39370419014205440","AR06449630067734609921"
"AR39820909543948288","AR08136257677559857153"
"AR407177639988559872","AR13927486576125804545"
"AR481252081949212672","AR16990749198292877313"
"AR488740683847303168","AR02981858354659328001"
"AR120163942172459008","AR12852199525971918849"
"AR123812740228710400","AR10162847960501583873"
"AR124322535666876416","AR06472148065871462401"
"AR140096438716596224","AR14784548330834755585"
"AR156845883458060288","AR17911291119392522241"
"AR184730322972180480","AR16888111574546382849"
"AR190488843323965440","AR13765727662397980673"
"AR230175681168801792","AR01188581278035738625"
"AR261854466590900224","AR14043138431815516161"
"AR31336562427953152","AR17639326093628407809"
"AR341138806960816128","AR07976350341413208065"
"AR358047509089615872","AR01086208224274677761"
"AR381345816884805632","AR10475087547435319297"
"AR421233178162757632","AR15956339928875401217"
"AR159797866020208640","AR12065618803065618433"
"AR197455486436507648","AR16383409761434992641"
"AR338568492372459520","AR12204367962081067009"
"AR360160426840817664","AR10898342074646528001"
"AR393401824444416000","AR03819527885350240257"
"AR437314669590347776","AR05335516925541744641"
"AR468754998428172288","AR05230783220315848705"
"AR476763875484631040","AR17969296954827472897"
"AR529690482595332096","AR15654987706079903745"
"AR88565111861542912","AR05327371331086319617"
"AR300729074580455424","AR18091944865565769729"
"AR310931374255112192","AR09331933829251727361"
"AR396078413703544832","AR11605090556794896385"
"AR400403686288785408","AR12678108352388005889"
"AR44377629326835712","AR11122042113364066305"
"AR497006331228585984","AR03837542283859722241"
"AR505923507968802816","AR16476271489859977217"
"AR539696416365215744","AR11052308886907256833"
"AR542540835766403072","AR05874919188186791937"
"AR182799992870666240","AR02346850807200088065"
"AR319566938579664896","AR05242665367599316993"
"AR331219184853712896","AR01657338681645596673"
"AR340564552653471744","AR18137371188467335169"
"AR534512184680513536","AR09593142607639216129"
"AR65478563133915136","AR02179023413920661505"
"AR18896138115481600","AR08829467598157512705"
"AR209542349041172480","AR06346047276305088513"
"AR359682482880118784","AR10759574911128174593"
"AR488784148916338688","AR18275322102041018369"
"AR559323970231336960","AR08375421660127297537"
"AR103054029415776256","AR13757085775881568257"
"AR137484755003244544","AR15596440910924087297"
"AR18841231253569536","AR01026451691450400769"
"AR276011159834853376","AR16807909210686750721"
"AR281400450438135808","AR02836179661048774657"
"AR360169875768868864","AR11565685984200753153"
"AR437326248822177792","AR16744098228735049729"
"AR523387051152769024","AR04269887848087289857"
"AR548860124228222976","AR01591236729778470913"
"AR91172260089430016","AR10548415489720188929"
"AR96532035677454336","AR00779598136875155457"
"AR198724082336792576","AR15015476558993293313"
"AR234262462810030080","AR06506602362239451137"
"AR417822664892088320","AR05020458053355438081"
"AR268683945627877376","AR00216648183453843457"
"AR284518424896339968","AR06394742447276032001"
"AR384487808800129024","AR18077924305605230593"
"AR423803011714777088","AR07716382636775571457"
"AR535594104122245120","AR01272119147857182721"
"AR98881657666273280","AR16658529835815010305"
"AR112268211734446080","AR18194794969934331905"
"AR147358300701196288","AR09015837430405660673"
"AR158754085888065536","AR01890238196713783297"
"AR286011664766074880","AR01432985395582205953"
"AR331294810637860864","AR16596240028200337409"
"AR354709426147426304","AR08584701603846553601"
"AR47466020050305024","AR03857808482182889473"
"AR64355652524310528","AR14476035263685459969"
"AR151745180297330688","AR13745461464074813441"
"AR164281021603250176","AR13296940984291033089"
"AR183453996130762752","AR18140130275458285569"
"AR201368682679500800","AR18131967501133676545"
"AR248489627877376000","AR01156151457452392449"
"AR261371849705783296","AR08237559119800696833"
"AR290998774631759872","AR06096501292631326721"
"AR394386711984996352","AR07607055171968827393"
"AR421917143114711040","AR05065180963693133825"
"AR466213683458998272","AR15050642926579220481"
"AR17891184487694336","AR01135382507437424641"
"AR38448925190914048","AR07278376236932399105"
"AR39779265541046272","AR14342188414701404161"
"AR420861715031261184","AR13889312357043142657"
"AR485226782123884544","AR01508318847076139009"
"AR64736667663073280","AR13451550873415057409"
"AR79433392914956288","AR05738061326610071553"
"AR87822391756980224","AR07536626229529542657"
"AR14385391662530560","AR13448223888668360705"
"AR189549688595152896","AR12808712741581750273"
"AR251963225627688960","AR18257409683235012609"
"AR277290957009846272","AR00932720524205752321"
"AR299432544212877312","AR05634478535180550145"
"AR341325174181724160","AR03747470291312312321"
"AR450787913278423040","AR15503349659446804481"
"AR111864106851500032","AR12627724331556798465"
"AR113926790665207808","AR16965535197644718081"
"AR329870736921460736","AR07472449934839513089"
"AR447862147196649472","AR08191660694093955073"
"AR451025064192638976","AR03508779511061676033"
"AR134254767797960704","AR17361091377684807681"
"AR175424022194946048","AR02649428710582648833"
"AR228180101924126720","AR06413244754070339585"
"AR256256303138078720","AR11718841631758090241"
"AR275594170050019328","AR17312312368952246273"
"AR329327921774723072","AR14092238635382341633"
"AR452277511015890944","AR06935174402560491521"
"AR514774336054231040","AR15487249098364420097"
"AR99500785791926272","AR06098349296799711233"
"AR118215985525161984","AR17749161532807184385"
"AR166946478307147776","AR06967544024882216961"
"AR30128611465887744","AR14196186739550191617"
"AR463206312998600704","AR08683415482910375937"
"AR90277841739972608","AR16334099963464122369"
"AR104115882770300928","AR13446635369244131329"
"AR175306133932605440","AR17302460744767373313"
"AR229605103353462784","AR12205230391514103809"
"AR240608431608692736","AR14640917202753028097"
"AR261339963868577792","AR03013383552050921473"
"AR458213568135823360","AR06535198460654649345"
"AR469068943357640704","AR06513462215285145601"
"AR477649119783944192","AR04669947627754749953"
"AR197724317029498880","AR09622329143798530049"
"AR319539210270801920","AR11843879193580404737"
"AR420527016819818496","AR00967988734056202241"
"AR61981944358895616","AR03021950534337691649"
"AR273552273878024192","AR09880211899511996417"
"AR381094647197335552","AR05628225887431294977"
"AR444619481247907840","AR01064315573376122881"
"AR6633594168541184","AR12538642998986014721"
"AR71530962327961600","AR11020783689515663361"
"AR171701934816755712","AR05025648160555401217"
"AR247569645882572800","AR09904080235366711297"
"AR256013620305985536","AR05508377745614176257"
"AR45556408871026688","AR12889777534874419201"
"AR539238366693031936","AR11129372832264355841"
"AR116670759371276288","AR14373090463877955585"
"AR224374176784318464","AR10757762503648739329"
"AR261155074116419584","AR14407490609298276353"
"AR285355153245077504","AR01482159678744952833"
"AR290880680210989056","AR12646583154996412417"
"AR312347820109594624","AR17742908885057929217"
"AR312587616723664896","AR11124366480945184769"
"AR32331379932921856","AR00793581725757210625"
"AR447082387294126080","AR08782494674712526849"
"AR498439407196438528","AR11876467618716057601"
"AR117512847839199232","AR05130075376915054593"
"AR150064267536629760","AR15999513077573746689"
"AR190664146709118976","AR16482284031757516801"
"AR201143660752928768","AR16092469501437673473"
"AR203620482493186048","AR00477856961841332225"
"AR310271358040801280","AR10685265517276561409"
"AR328231639962353664","AR11500919801522421761"
"AR400581807172485120","AR12971665450059431937"
"AR409557773425049600","AR10129070963296305153"
"AR462454590642585600","AR06466800041313959937"
"AR550612814482374656","AR10381272542429052929"
"AR117614002908954624","AR16500820011095425025"
"AR132289734360694784","AR06632025852643115009"
"AR149454416540336128","AR03836697858929590273"
"AR193532978704416768","AR16290096408608899073"
"AR197621203454656512","AR02108160026949451777"
"AR263444497843617792","AR02130678025086304257"
"AR452619665290559488","AR05814622520275369985"
"AR109486619114864640","AR11465777623192305665"
"AR130300168070234112","AR13818021809804541953"
"AR140916846189608960","AR04927413393683382273"
"AR307301852012085248","AR12984353127049199617"
"AR356402296097079296","AR07534997577930899457"
"AR474748779908562944","AR05438448393770762241"
"AR503391538848464896","AR00522892958115037185"
"AR509910096612950016","AR16611020350695669761"
"AR217418082111455232","AR06393398569188982785"
"AR275119593343680512","AR18055353118593384449"
"AR353839815529070592","AR10536023581358292993"
"AR412540267434868736","AR16902484802861531137"
"AR42501175295082496","AR10759527357250273281"
"AR446584136728051712","AR01174203376796172289"
"AR457607462351011840","AR07763836733996662785"
"AR529354238195662848","AR12817719940836491265"
"AR269780605397368832","AR02022923274224140289"
"AR274182225321263104","AR18190703549728423937"
"AR347568819679526912","AR06056067852031492097"
"AR559697220069228544","AR05035499784740274177"
"AR84381607556808704","AR14078727836500230145"
"AR131714208743030784","AR15164095346696519681"
"AR167291896756961280","AR00170851600011624449"
"AR470412855804428288","AR04665360190365761537"
"AR567473997093011456","AR14072900699750924289"
"AR94901150695817216","AR16635374258373001217"
"AR333187894782984192","AR06656795650593652737"
"AR363253112531582976","AR02973988187866660865"
"AR395068838690947072","AR04257634546909970433"
"AR402737915114815488","AR04202836605368532993"
"AR415782624145965056","AR13018495436992806913"
"AR417404919193010176","AR16488153637143445505"
"AR417469481141403648","AR18259027202278424577"
"AR425146752362872832","AR03767601249705263105"
"AR549606864422174720","AR04175312255912509441"
"AR139845165949911040","AR07314321196189745153"
"AR181445154027077632","AR03641635700069105665"
"AR281470200707022848","AR18227776607915868161"
"AR301471382368157696","AR09575128209129734145"
"AR367118617457721344","AR11271098781573054465"
"AR459876613832572928","AR06853754741889957889"
"AR511321113628770304","AR10039386823475593217"
"AR52715810115813376","AR14249864622340308993"
"AR209529326700331008","AR06628929627899297793"
"AR252943405884112896","AR07782695557436276737"
"AR265686745650036736","AR17331955419060371457"
"AR37929612105220096","AR11957532412008726529"
"AR394931726154989568","AR04059209325577502721"
"AR50031696073981952","AR12200726791886733313"
"AR50452190552129536","AR03162367652492476417"
"AR10877331094634496","AR16758369614785675265"
"AR224855969035714560","AR06080334898290229249"
"AR236837484682543104","AR13349144696866209793"
"AR271023500213354496","AR01621771267193438209"
"AR495416403055083520","AR01080015774787043329"
"AR173851342610104320","AR16434110441614999553"
"AR259008105864495104","AR05053514183249756161"
"AR329260404888829952","AR01400696175048261633"
"AR340888564986281984","AR03186011550536171521"
"AR366128369797955584","AR12084135953266900993"
"AR477149597907550208","AR12865007736923881473"
"AR5359706868547584","AR13027903270796918785"
"AR557664051270778880","AR00594950552152965121"
"AR562087523988275200","AR14425505007807758337"
"AR83680256577241088","AR01893937366146482177"
"AR89491106810560512","AR06217694686925029377"
"AR167733281956036608","AR15567167513346179073"
"AR176967530361913344","AR10533925025977729025"
"AR31967510303604736","AR08786998274339897345"
"AR36712349654056960","AR00173240838778781697"
"AR421154116404772864","AR14709231784332099585"
"AR480636699035041792","AR09190070440989556737"
"AR489374036904640512","AR16069318871797989377"
"AR523197419756716032","AR13322818127889694721"
"AR66405451436130304","AR05811018596037427201"
"AR71405721081610240","AR02585541587450724353"
"AR130320955711946752","AR10159578012920578049"
"AR142103116156764160","AR17953759343698509825"
"AR317199552606109696","AR03738058059461689345"
"AR371206498610577408",NULL
"AR392360037177098240","AR13708570237622812673"
"AR414857385111191552","AR04600141833530507265"
"AR99210377283239936","AR04517585827592667137"
"AR118431249286037504","AR06462380279448207361"
"AR236858237964517376","AR00527396557742407681"
"AR396618411351736320","AR05334364912233742337"
"AR397919752082685952","AR15637338620308750337"
"AR415580760683053056","AR00973252920852086785"
"AR424353282924740608","AR14720490783400525825"
"AR443205440575111168","AR11348702037383577601"
"AR101427748639080448","AR02508980393785425921"
"AR24474441639526400","AR10907349273901268993"
"AR257039361575485440","AR15272181737753411585"
"AR487814620178808832","AR14173303428675010561"
"AR487987174784892928","AR17075749830896123905"
"AR517618635196334080","AR01212210744989319169"
"AR549207191945478144","AR17199722378267983873"
"AR114807087162195968","AR13997663043207561217"
"AR185023617698889728","AR08844700644565581825"
"AR249326115707944960","AR08944624261297864705"
"AR264431481328238592","AR01112864509300572161"
"AR310414122753720320","AR09177967016990998529"
"AR320028664743854080","AR16456628439751852033"
"AR323297203575586816","AR12461174983105708033"
"AR323825106595872768","AR06230226920458420225"
"AR34219035239383040","AR02554016390059130881"
"AR471087062590685184","AR01369569688060690433"
"AR73302894035599360","AR14597007106386165761"
"AR124528968974991360","AR01401956490251599873"
"AR251129658374881280","AR09433630133605892097"
"AR270861665845641216","AR00747210510050525185"
"AR277857789613703168","AR08805012672849379329"
"AR346269196935495680","AR18344001996358418433"
"AR487744698111229952","AR01728795255139991553"
"AR539905323574493184","AR03166505939381518337"
"AR13594361765822464","AR15041653731827384321"
"AR304349044816216064","AR04538702223282012161"
"AR348583050436673536","AR16789050387247136769"
"AR85447034324123648","AR14871361370917437441"
"AR11414064567681024","AR05362020241012424705"
"AR136122906773028864","AR14633661250643427329"
"AR15428347160952832","AR14717394558656708609"
"AR241827274607820800","AR14691217385822617601"
"AR363452364654379008","AR05079691356083847169"
"AR394308749738639360","AR14739777316863344641"
"AR574183045247008768","AR01608763220003127297"
"AR98367498541334528","AR09566707049572597761"
"AR1228360646656000","AR07421563162316505089"
"AR125092090727104512","AR02943943070565007361"
"AR149014337011318784","AR13776226074297892865"
"AR218157160083750912","AR13405439692208340993"
"AR38761220852940800","AR07959401644548947969"
"AR407359196846096384","AR03173261338822574081"
"AR463938312864792576","AR10737056912991322113"
"AR514650056880553984","AR07233256402897076225"
"AR524677259328487424","AR04206837453304102913"
"AR533885463052681216","AR00159592600943198209"
"AR361919404927090688","AR14335433015260348417"
"AR40388463702310912","AR08059337493348089857"
"AR449077657301155840","AR05666003732572143617"
"AR110279573156921344","AR16908617054087544833"
"AR141496872932999168","AR16402585244223406081"
"AR224890122615652352","AR01486663278372323329"
"AR242725987924574208","AR17896267392510590977"
"AR414284195955736576","AR16993159465219915777"
"AR97838839606804480","AR02831353079880744961"
"AR125563609416728576","AR13403187892394655745"
"AR159040371228147712","AR07318824795817115649"
"AR265472890638434304","AR11642280438092791809"
"AR288387193997623296","AR09002326631523549185"
"AR295097719620370432","AR18244557491817938945"
"AR407241514742185984","AR12341329040311844865"
"AR475184186513162240","AR15104686122107666433"
"AR509921675844780032","AR07608045831945453569"
"AR514291787888590848","AR16798902011432009729"
"AR535176770740027392","AR00198633784944361473"
"AR91445797966577664","AR06727692160352649217"
"AR117013669560188928","AR08723947879556710401"
"AR145127872644775936","AR07363860792090820609"
"AR158060328410677248","AR16373739144351842305"
"AR171148124553740288","AR17523981551438659585"
"AR17128192137494528","AR14452526605571981313"
"AR285989915051687936","AR17713132735788220417"
"AR303264136077246464","AR09106753847883202561"
"AR497573232551919616","AR16086332714726195201"
"AR564857846613671936","AR02394967635054821377"
"AR67596703565348864","AR05229154568717205505"
"AR86037918744838144","AR06160555266652766209"
"AR118221723601469440","AR16593795401534930945"
"AR23700969569124352","AR07448668597842345985"
"AR378984890542063616","AR17392514732811878401"
"AR418187359155126272","AR00318207461171396609"
"AR496110091812995072","AR00910202526068899841"
"AR521133327193735168","AR12584523420189851649"
"AR193629151612108800","AR16587232828945596417"
"AR276302015020138496","AR00887184250141409281"
"AR300573871642247168","AR13217779720503951361"
"AR318073733069668352","AR18253564691072679937"
"AR320344739977101312","AR15028494776666161153"
"AR340823659440504832","AR16753021590228172801"
"AR405487037781639168","AR18179255297221066753"
"AR452030876813885440","AR01243468898494316545"
"AR477780064746864640","AR09218499413637332993"
"AR565715053366476800","AR11717680547479158785"
"AR566032331190566912","AR06580501500814950401"
"AR89193310958125056","AR04196795888485531649"
"AR521519083976392704","AR04367805955610509313"
"AR572948465487708160","AR14082470848959086593"
"AR239370381515816960","AR09233357389141377025"
"AR240944779087577088","AR05132829928420540417"
"AR316038056010317824","AR15872642217551069185"
"AR7889202087723008","AR13605849875626328065"
"AR85234141385195520","AR05827288894227349505"
"AR8683186921930752","AR01572231671292362753"
"AR154244782544125952","AR18113953102624194561"
"AR183518180122034176","AR14731749782468952065"
"AR242520447969656832","AR15426294785060634625"
"AR278460940461015040","AR03990664671190319105"
"AR30927887699804160","AR17138163196129968129"
"AR363743013681233920","AR02116006141925261313"
"AR494209585964384256","AR01062480488469364737"
"AR519281955770990592","AR10083172537589563393"
"AR521688718004715520","AR16492657236770816001"
"AR5518517579284480","AR09301399291836760065"
"AR62103852710625280","AR08260077117937549313"
"AR15038501569429504","AR10052509769631006721"
"AR246237828063690752","AR14474200178778701825"
"AR250953650615091200","AR03459309940307394561"
"AR259004738610135040","AR01117368108927942657"
"AR279770046492835840","AR05396687430319341569"
"AR280416628049444864","AR01982059237383077889"
"AR367917962411114496","AR03152995140499406849"
"AR392410477273022464","AR08242062719428067329"
"AR457403846541443072","AR15123562950050185217"
"AR469168139922309120","AR16254636746296262657"
"AR492573547021991936","AR10847395103861899265"
"AR504433600993689600","AR18050902707841007617"
"AR141407846850887680","AR02594548786705465345"
"AR212449870101872640","AR00917416009541877761"
"AR23064867732717568","AR18376790532610326529"
"AR245717174948200448","AR02381140726579724289"
"AR317495802270318592","AR02621570384469688321"
"AR428075542101622784","AR00450835364077109249"
"AR463858220314656768","AR06644412675763732481"
"AR543806150311673856","AR00824634133148860417"
"AR70365239484350464","AR02563023589313871873"
"AR214111232171442176","AR15848642490056835073"
"AR321459954005311488","AR06062320499780747265"
"AR470899252260765696","AR14416497808553017345"
"AR474402365026336768","AR03999671870445060097"
"AR488059673832849408","AR00018489799849541633"
"AR501247113217179648","AR12192647855323742209"
"AR560745089010237440","AR06125880655642361857"
"AR160411496587722752","AR08556470268413870081"
"AR353450244815454208","AR02513483993412796417"
"AR544601303376986112","AR02971102107282702337"
"AR81365544082604032","AR12126417398035120129"
"AR257445631121948672","AR17519178472331673601"
"AR360589614332772352","AR14025408394500767745"
"AR545858423124656128","AR03035581867181998081"
"AR85273036609028096","AR16680963996190244865"
"AR92424844351635456","AR14270130820663476225"
"AR103394156465881088","AR00721051341719339009"
"AR200553772764626944","AR13886564265168470017"
"AR264401794514288640","AR00792015608882397185"
"AR265375205902254080","AR12420642586459373569"
"AR391591409829806080","AR12491155778977136641"
"AR43214414744125440","AR08772029660478308353"
"AR441166327541923840","AR03191275737332056065"
"AR449347724844728320","AR03440039418482655233"
"AR120847323008860160","AR05947478709282799617"
"AR142730147022241792","AR05409298553812025345"
"AR148592880460496896","AR14006670242462302209"
"AR188919221755838464","AR15416296925829267457"
"AR239491808831209472","AR15056008955639627777"
"AR385854604832669696","AR07778835172111155201"
"AR426154042452869120","AR06583576972276793345"
"AR435312733794074624","AR14817318175388991489"
"AR478503955714801664","AR12836634014735400961"
"AR482418251469422592","AR04955905313371848705"
"AR542583390302371840","AR01786624344080777217"
"AR549173759920046080","AR10885675700694548481"
"AR57340974497529856","AR01738600562397544449"
"AR58772504277155840","AR05468210661706170369"
"AR111332149382086656","AR06791059214484635649"
"AR142476881390731264","AR09215092576858669057"
"AR179382642012061696","AR04426753247876743169"
"AR34047030389112832","AR12803448554785865729"
"AR367968093269393408","AR12788719909337038849"
"AR449242755844014080","AR13279338902641967105"
"AR569817296889970688","AR04191577606300106753"
"AR82882303193251840","AR07091537806572388353"
"AR20658483456114688","AR02467381608299102209"
"AR208021690100219904","AR04202602134513909761"
"AR269945291623366656","AR02391886803473793025"
"AR278789110322167808","AR16134645255650672641"
"AR322313999662186496","AR09084235849746350081"
"AR37396795642347520","AR04315289157099323393"
"AR419670806499426304","AR09277028204290244609"
"AR494296928419315712","AR04697729812687486977"
"AR518126987525488640","AR15033490957502775297"
"AR535860666972504064","AR05981255706488078337"
"AR153322842044235776","AR18316615085855866881"
"AR153929909901721600","AR07751170360044683265"
"AR171236910117683200","AR07837729412941348865"
"AR254394761232777216","AR03567326306217492481"
"AR268551798074114048","AR06196584063671730177"
"AR282932619891441664","AR01551965472969195521"
"AR403162979438166016","AR10841974236659056641"
"AR441998451685720064","AR04451597125423202305"
"AR519086277060984832","AR18177962546424709121"
"AR568145798697582592","AR00211383996657958913"
"AR76998249537339392","AR04300550616045846529"
"AR89686545002397696","AR01928016041854631937"
"AR137285262362279936","AR06590513791136432129"
"AR156652506850525184","AR04976952989584457729"
"AR184544986543423488","AR13511274283451547649"
"AR199001571583852544","AR16344038449067589633"
"AR236860574426726400","AR05386780555675172865"
"AR338002931078922240","AR03535801108825899009"
"AR468136007741472768","AR04552854037443117057"
"AR560871361048739840","AR05884505967508324353"
"AR299001673093742592","AR11745018804592181249"
"AR319314050905276416","AR16585483780823711745"
"AR354324219120582656","AR03692582670853734401"
"AR69125196526649344","AR05151748950121775105"
"AR384246534717308928","AR11601748041446457345"
"AR48302714039304192","AR10021975232216039425"
"AR194453304296603648","AR13379807464824766465"
"AR270614481887821824","AR06839694187193958401"
"AR27174017563623424","AR09070725050864238593"
"AR285579453617143808","AR08628527862451798017"
"AR459812704719208448","AR08003494259846021121"
"AR569134706327552","AR17501463553301807105"
"AR79129927705690112","AR14519236175052406785"
"AR8892403368853504","AR17912782332037693441"
"AR140635989688188928","AR10549534380240404481"
"AR226602886853820416","AR07466581154087305217"
"AR292911649986183168","AR08388795020055937025"
"AR494201236547960832","AR06588481069014581249"
"AR548780787592331264","AR16049198908521316353"
"AR69958214023643136","AR04314923844360994817"
"AR81484050820235264","AR14497562601845686273"
"AR83933316050321408","AR01562463884869107713"
"AR19071475860373504","AR15478156412080619521"
"AR286538021598134272","AR10818121706283991041"
"AR353246560286408704","AR02072131229930487809"
"AR363842038447210496","AR13560813879352623105"
"AR417302733331103744","AR08278091516447031297"
"AR458693230083440640","AR06274980342243786753"
"AR75611662295498752","AR01908939377673764865"
"AR103765516518162432","AR08934772637112991745"
"AR265442585349193728","AR13330285873426595841"
"AR277354007129751552","AR12411551549443014657"
"AR400664339264045056","AR13711020774163218433"
"AR60464446513872896","AR08825488740454498305"
"AR89058036668170240","AR01288240599660494849"
"AR132064093958832128","AR05053817923336929281"
"AR164590293608300544","AR11889133992668037121"
"AR311684093043539968","AR17614053543986069505"
"AR358136294653558784","AR02671109980370763777"
"AR494533563937456128","AR07929062545325817857"
"AR520666069111668736","AR15821620892292612097"
"AR20230223677095936","AR00164856787739082753"
"AR401743235048800256","AR00592663567967191041"
"AR417947940498178048","AR09746264994969812993"
"AR477057548168462336","AR14758771380233175041"
"AR104607192669224960","AR15925203683722133505"
"AR267077971456557056","AR11042457262722383873"
"AR334388767638945792","AR18334629484365348865"
"AR259571708652945408","AR16427720354912272385"
"AR37261452632915968","AR06300250692862869505"
"AR377599471531327488","AR16774278448527966209"
"AR142587073071677440","AR14700224585077358593"
"AR151452023009574912","AR12313316782570995713"
"AR330988940246908928","AR10945851147449008129"
"AR44711983940894720","AR18348140283247460353"
"AR79863714278277120","AR09755272194224553985"
"AR164802980388798464","AR14591293769090334721"
"AR424194472214003712","AR03737600662624534529"
"AR479432184046813184","AR07865159616714244097"
"AR480468989152067584","AR02611718760284815361"
"AR561782650029735936","AR04674451227382120449"
"AR106701350003277824","AR11399086058214785025"
"AR188411041225375744","AR12432247931690549249"
"AR199966805354086400","AR12942958300969828353"
"AR205451925267677184","AR10592941724915466241"
"AR299155123685294080","AR10728049713736581121"
"AR460202790828900352","AR17347496741041078273"
"AR545180642925608960","AR15017869096295333889"
"AR63487003978629120","AR18052597467576270849"
"AR67232765216555008","AR08258916033658617857"
"AR211214809306234880","AR14312915017123495937"
"AR331062332648062976","AR13601346275998957569"
"AR375298365493084160","AR12362856378472071169"
"AR390006669976797184","AR12447580346461978625"
"AR510243557873811456","AR01440782857168486401"
"AR116012529863360512","AR12912295533011271681"
"AR191931574378299392","AR14654326159370616833"
"AR21577743896412160","AR07682455281355194369"
"AR225607931909898240","AR18402515531287494657"
"AR329383137874280448","AR04275663582667997185"
"AR421883333132156928","AR18372874759386955777"
"AR45509542187892736","AR11015435664958160897"
"AR512033150486970368","AR12718640749034340353"
"AR538601749460549632","AR04779577045942272001"
"AR558208000288882688","AR08742464754880086017"
"AR224548552456536064","AR07128913024299040769"
"AR298327397588008960","AR18153623069837492225"
"AR397684765831987200","AR02315325609808494593"
"AR427507816144568320","AR05796956529512939521"
"AR435864757350694912","AR15420800525456637953"
"AR63886023620296704","AR00275194978609659905"
"AR121571557574180864","AR17618557143613440001"
"AR127351655841660928","AR06836939635688472577"
"AR274803140153311232","AR16302661627491123201"
"AR360808382786961408","AR03998827445514928129"
"AR389117955343908864","AR17366317081573720065"
"AR39531463107936256","AR15711282701422034945"
"AR425779933621518336","AR14862354171662696449"
"AR441873176079630336","AR09060873426679365633"
"AR479875459031498752","AR17298801570070134785"
"AR522836024028561408","AR15523622729717645313"
"AR81332352575340544","AR01996660751799943169"
"AR136363871618203648","AR17585282898099961857"
"AR284090989751042048","AR15879305258015391745"
"AR292327843671572480","AR02441426399374868481"
"AR293350698723049472","AR14216087625135030273"
"AR349464034128429056","AR01707842411805278209"
"AR371015836422373376","AR10322725747273236481"
"AR403063301837160448","AR02945829557640364033"
"AR557743456626147328","AR16305838116583768065"
"AR573820240769581056","AR12855608012018024449"
"AR104356641457045504","AR14458658856797995009"
"AR109390514926649344","AR16349958631988396033"
"AR222893478219087872","AR05656996533317402625"
"AR284260486340411392","AR10530081408204931073"
"AR292862103243456512","AR02179191364321804289"
"AR44622579901661184","AR03260237106626166785"
"AR170456188142485504","AR04473540491295588353"
"AR190803234930032640","AR11169321800553201665"
"AR323497830087917568","AR14848843372780584961"
"AR352116399772008448","AR02138924637172531201"
"AR368282931552059392","AR12543000363566891009"
"AR385549868313083904","AR13015878324440793089"
"AR415675971518070784","AR06540000440250007553"
"AR434714839986733056","AR01622299032774770689"
"AR45030704873996288","AR05410160158611341313"
"AR460447157288173568","AR12852886308422418433"
"AR519831505426448384","AR00365266971157069825"
"AR57584653762035712","AR12304309583316254721"
"AR84091508285767680","AR02849002165651898369"
"AR96381471303925760","AR17334830367089098753"
"AR113210355760496640","AR01557122182503464961"
"AR21854855186350080","AR16253966456520179713"
"AR261871990057467904","AR01940664411303706625"
"AR454946300614410240","AR15593010022328565761"
"AR66479049995714560","AR01832279365400920065"
"AR67873574337118208","AR05537651005753131009"
"AR73283618222374912","AR05756075725119553537"
"AR99617505823162368","AR01859606215080804353"
"AR146306514750013440","AR00738221315298689025"
"AR151823898457931776","AR12504729250022031361"
"AR154412664225792","AR11972033870867464193"
"AR161637589491646464","AR10192121358079492097"
"AR346141687946412032","AR00898759496241774593"
"AR373814196594278400","AR04305916645106253825"
"AR511233805533577216","AR11222601247817203713"
"AR51815138293972992","AR10656357432436981761"
"AR564173881661718528","AR12108402999525638145"
"AR566088165765414912","AR04323086618685603841"
"AR7319277107412992","AR05044275261919461377"
"AR85479469917143040","AR05512036920311414785"
"AR227879316774453248","AR14371461812279312385"
"AR345833240575082496","AR08106110305676820481"
"AR430196225153695744","AR18303104286973755393"
"AR430960523173953536","AR05355255358283579393"
"AR535537444913676288","AR02759420280412569601"
"AR13956101091360768","AR08016038313129410561"
"AR21517064598454272","AR12331331181080477697"
"AR319098890223616","AR08533817030346801153"
"AR361032202122690560","AR14975453923425386497"
"AR468135148748013568","AR07404393188737155073"
"AR518597509782700032","AR17072759159268573185"
"AR85348421875007488","AR07209354806815621121"
"AR85813584013033472","AR04287057821666639873"
"AR105694987626217472","AR12858252337482825729"
"AR152277034687528960","AR13110453916615573505"
"AR294958081643642880","AR08703681681233543169"
"AR312551298480209920","AR01558720872410251265"
"AR431508148684062720","AR10836136104793473025"
"AR491210152603549696","AR01716346859368218625"
"AR241993953698643968","AR09495314660069474305"
"AR316057022585896960","AR15528270777685114881"
"AR77740729123733504","AR06913500829353771009"
"AR114932603286454272","AR16155377372026109953"
"AR135800234470014976","AR12548995175839432705"
"AR189314255667855360","AR09831833387889852417"
"AR314593606969065472","AR18247519576143167489"
"AR327714216662269952","AR01508420689340661761"
"AR448974956043173888","AR04273630860546146305"
"AR508701973852192768","AR03936621475661873153"
"AR528727035531493376","AR03134136317059792897"
"AR124854905453150208","AR05679514531454255105"
"AR214339861870542848","AR18216637043298009089"
"AR220764273951899648","AR00536403756997148673"
"AR255040999192002560","AR12844741538600714241"
"AR416566885174214656","AR04593302596327833601"
"AR529665056388939776","AR06737016018956189697"
"AR94689254189301760","AR09394984224034914305"
"AR117004667308736512","AR05395787754929913857"
"AR146558165473820672","AR01644289265330290689"
"AR203661095703937024","AR06178569665162248193"
"AR214536949329821696","AR03683878936808259585"
"AR286592069466587136","AR11209934873865224193"
"AR505212330104061952","AR10766653154670936065"
"AR187619152335208448","AR05454837301777530881"
"AR220998126331232256","AR11606251641073827841"
"AR256677038134394880","AR08512622706770837505"
"AR291685419643305984","AR07105994529051770881"
"AR35302913186201600","AR00937224123833122817"
"AR460016904644329472","AR17118107416844566529"
"AR481678692460789760","AR08259311857844617217"
"AR519156920683069440","AR03618635016327659521"
"AR205973128138981376","AR03273618712892014593"
"AR7243170286927872","AR11402727228409118721"
"AR158852011142414336","AR01518188475763916801"
"AR162812108428279808","AR06809653742816722945"
"AR164298407630864384","AR05328233760519356417"
"AR186873752171053056","AR09570624609502363649"
"AR319178742255583232","AR01432620082843877377"
"AR36037215154864128","AR15314965934213431297"
"AR560103489615691776","AR10198876757520547841"
"AR561072743475314688","AR16689066572253233153"
"AR115005549011009536","AR06314522078913495041"
"AR433590864225239040","AR13689531781471010817"
"AR473498325950136320","AR16864446098586992641"
"AR537556732377825280","AR07583692748901842945"
"AR9491740285206528","AR10809114507029250049"
"AR126908312137498624","AR13223043907299835905"
"AR152562838991273984","AR07910287559647821825"
"AR284949433454428160","AR06026291702761783297"
"AR315415045234229248","AR14893879369054289921"
"AR428122202626326528","AR11982302209959264257"
"AR531965234714247168","AR15470340121357713409"
"AR138730261159346176","AR13080557370822623233"
"AR375671649690714112","AR17095277157405425665"
"AR539900822448766976","AR07575529974577233921"
"AR560641322600366080","AR00248173380845436929"
"AR129398568535457792","AR01112002079867535361"
"AR278451216655056896","AR13132486892685623297"
"AR350443355391393792","AR11065819685789368321"
"AR379557048905367552","AR06840580805882806273"
"AR394072870134743040","AR00859800500734787585"
"AR411745114369556480","AR06696483622309855233"
"AR442410974704566272","AR14285629124251746305"
"AR457054889038577664","AR04900391795919159297"
"AR493150343949975552","AR13744617039144681473"
"AR543934621373431808","AR00315727375255994369"
"AR562501077799272448","AR14843495348223082497"
"AR148770314149429248","AR09259031810283667457"
"AR355267634456952832","AR07925966320582000641"
"AR407019825710235648","AR05305715762382503937"
"AR461147133878206464","AR07120666412212813825"
"AR512778928608247808","AR03399220873935192065"
"AR56671028318830592","AR13132127489822294017"
"AR574191257224478720","AR13333382098170413057"
"AR89705477218238464","AR11838187021883408385"
"AR140088810854678528","AR16884664605593305089"
"AR146184468959330304","AR11294658841855131649"
"AR159573840526049280","AR16892615174173753345"
"AR197920030099243008","AR14130480749308018689"
"AR298475419340898304","AR15573922912787234817"
"AR418082561953103872","AR01554217272782880769"
"AR459287241240346624","AR04292405846224142337"
"AR503972733822959616","AR09867862184908816385"
"AR220614843449737216","AR16216554061556613121"
"AR295735127126835200","AR14623663391412060161"
"AR492352064148471808","AR14915073830069207041"
"AR128081903361196032","AR06120867294936563713"
"AR207902977204158464","AR03749722091125997569"
"AR270736390239551488","AR05728209702425198593"
"AR361086490509312000","AR00405799367803404289"
"AR395200247510335488","AR06419095530319642625"
"AR521032550081101824","AR06003888328712126465"
"AR533829491038879744","AR13804998919207256065"
"AR6610126467235840","AR13209533108417724417"
"AR98849703109591040","AR00284202177864400897"
"AR120759774395498496","AR08947378812803350529"
"AR20685455850733568","AR08495254958537441281"
"AR217506180480630784","AR15824766595059679233"
"AR245558123719294976","AR15152836347628093441"
"AR262236993558151168","AR11640028638279106561"
"AR45434500519297024","AR11367560860823191553"
"AR460957777360060416","AR04905167936991264769"
"AR569014515962740736","AR02804468921069993985"
"AR91989540826251264","AR17406887961127026689"
"AR16018922344022016","AR15465836521730342913"
"AR166056354924986368","AR15461332922102972417"
"AR281664745545662464","AR02995734466279768065"
"AR345590798261157888","AR08250225493752676353"
"AR377288412819881984","AR01760520426208886785"
"AR504895258438402048","AR16560211231181373441"
"AR57100044012093440","AR09163277129327050753"
"AR76172481945141248","AR10620616982342402049"
"AR102632744663646208","AR14475044603708833793"
"AR105874757777358848","AR03562822706590121985"
"AR167968543084642304","AR05023413540610899969"
"AR3669963655086080","AR11740497200461905921"
"AR398468202226515968","AR12330267953336418305"
"AR432554471436845056","AR00237417133468811265"
"AR448102871523655680","AR03600979745803599873"
"AR489476188406808576","AR12690774726339985409"
"AR558956630268444672","AR04848942210881683457"
"AR153603011350888448","AR13623864274135810049"
"AR157635367166541824","AR13613133727843483649"
"AR171922867934461952","AR06663519851392270337"
"AR271453821576675328","AR17776183130571407361"
"AR439538019540664320","AR17699621936906108929"
"AR453734157764263936","AR13213192283114962945"
"AR556939473108074496","AR14401737552144891905"
"AR116475905294991360","AR14364730602094067713"
"AR14302447254110208","AR12168357169565007873"
"AR18316042652614656","AR11357793074399936513"
"AR203076396036128768","AR07549894448658776065"
"AR226184522679451648","AR10453330136466980865"
"AR267294815765397504","AR15929048675884466177"
"AR295110741961211904","AR11736856030267572225"
"AR302468948652195840","AR05661865445683101697"
"AR331068998437306368","AR05196766941892575233"
"AR413056763022016512","AR15772081296391536641"
"AR42909162828464128","AR18330125884737978369"
"AR132631338879549440","AR02928887870162731009"
"AR21150136952422400","AR11295503266785263617"
"AR346472950184017920","AR08088095907167338497"
"AR379326769938825216","AR03100580596569604097"
"AR380493695373279232","AR18014029485891911681"
"AR49300108524650496","AR13798660234673127425"
"AR72741146673020928","AR14197450078410506241"
"AR127967141835046912","AR10034495371121524737"
"AR132410268322889728","AR07198856257476755457"
"AR153498420307296256","AR05055005395894927361"
"AR16860804653514752","AR03815024285722869761"
"AR337474650101514240","AR00608869132410028033"
"AR348658092105269248","AR00117568991651692545"
"AR472346828038209536","AR10412797739820646401"
"AR479047664214736896","AR07039601618920144897"
"AR484083255671259136","AR03969402452771340289"
"AR489059817097265152","AR02067627630303117313"
"AR574584985466437632","AR06214598462181212161"
"AR113512858897088512","AR17466925968928014337"
"AR147570231567450112","AR08961878072638832641"
"AR24894764318982144","AR14565116596256243713"
"AR280238094848884736","AR18078352015628435457"
"AR299731473936678912","AR00128067403551604737"
"AR429686395355791360","AR05111198548972535809"
"AR458617295061647360","AR03386337896192540673"
"AR475205008514613248","AR06740112243700006913"
"AR513573428838531072","AR17235751175286947841"
"AR513930770117558272","AR12267436361367158785"
"AR65188223344705536","AR03150466538633428993"
"AR299128082571198464","AR18197269695730548737"
"AR393298917028003840","AR05751572125492183041"
"AR404873991329677312","AR11358553661568450561"
"AR44404567361716224","AR11040448454978437121"
"AR498502972712419328","AR07958335942903726081"
"AR533859555809951744","AR16645779624101412865"
"AR547189553748770816","AR03237719108489314305"
"AR54815602446958592","AR09682352170753589249"
"AR575928726114533376","AR07917803546257391617"
"AR76150663511277568","AR14961433363464847361"
"AR105144029221486592","AR16150383665090658305"
"AR189145892949852160","AR13325764269296320513"
"AR304039944609857536","AR00013006535361822721"
"AR380957586200985600","AR07550760176626696193"
"AR382888706576482304","AR02055963598638809089"
"AR441620322764980224","AR09555389776387899393"
"AR51457144179916800","AR17221395951474704385"
"AR538503446249078784","AR09705732598323478529"
"AR56024309323268096","AR08754628652018171905"
"AR561787803990491136","AR01898624584215691265"
"AR59641908737081344","AR04621671370713989121"
"AR88686985853534208","AR14190557240015978497"
"AR96493140453621760","AR13033048298020143105"
"AR215538982379847680","AR01458779251175063553"
"AR281414503571128320","AR17072777163771478017"
"AR318339402566729728","AR16575350681662128129"
"AR527722184982921216","AR06048809700898635777"
"AR537282988342247424","AR08795096864673234945"
"AR570672510777950208","AR06800910838669508609"
"AR573395451324137472","AR16371060046831812609"
"AR67541453106053120","AR07604803372155142145"
"AR106276182600712192","AR09601287377460920321"
"AR252396020892172288","AR03020195301462900737"
"AR336336724286242816","AR05723900166600130561"
"AR392554994332598272","AR03621369501745938433"
"AR475243422702108672","AR01013785317498421249"
"AR559662001337401344","AR02485617970718441473"
"AR75451820792610816","AR13729651174062161921"
"AR94658330424770560","AR15037132127697108993"
"AR295840989480747008","AR05071528581759238145"
"AR47904519031357440","AR09927900192709804033"
"AR503210291228573696","AR11640102717875027969"
"AR88858131710345216","AR08183515924272250881"
"AR117416881089937408","AR14947114011219460097"
"AR170519100823437312","AR04602160262001197057"
"AR179784032475676672","AR05936219710214373377"
"AR186167934425497600","AR07633214340300013569"
"AR350209296853630976","AR01738864857505071105"
"AR378575459899670528","AR15736052499372572673"
"AR436880534296068096","AR10130562175941476353"
"AR472960699123892224","AR16437751611809333249"
"AR522117424460333056","AR04902643595732844545"
"AR535607126463086592","AR01071171028375306241"
"AR561949019882913792","AR11633273238838050817"
"AR72376692928151552","AR12497203780124672001"
"AR7610613329035264","AR18172499897780011009"
"AR18756225260847104","AR15330728532909228033"
"AR211734088032190464","AR15062764355080683521"
"AR373027942701203456","AR16433248012181962753"
"AR463823963655503872","AR09857105937532190721"
"AR498448787405012992","AR10372265343174311937"
"AR511959311409217536","AR02842845037975306241"
"AR99914820639260672","AR04124928235081302017"
"AR149975516332425216","AR07111659212958072833"
"AR185662502674104320","AR13413185751626022913"
"AR219675448202756096","AR09009926455894736897"
"AR336764674827616256","AR02504476794158055425"
"AR475174428347465728","AR12536610276864163841"
"AR512384719329951744","AR18441853445989203969"
"AR541456356524163072","AR01058821313772126209"
"AR61336737191821312","AR01829927510029107201"
"AR77253439314198528","AR00802481447750336513"
"AR9164017100652544","AR12705129950152228865"
"AR201215232087949312","AR03525931480138121217"
"AR24954756422172672","AR06239233020201533441"
"AR265388365682049024","AR02432419200120127489"
"AR288566826709811200","AR16037793674406395905"
"AR297505134689124352","AR15876754803355811841"
"AR312492199730216960","AR02636709834950443009"
"AR328511465671622656","AR06899990030471659521"
"AR400059023753216000","AR01320030092159614977"
"AR445522111574835200","AR07476450782775083009"
"AR7127996443918336","AR06652292050966282241"
"AR80805652145897472","AR10246164553607938049"
"AR187205426725519360","AR06692521257281257473"
"AR321137865817849856","AR07366615343596306433"
"AR351183464155840512","AR04676566000559194113"
"AR42635075195502592","AR17239392345481281537"
"AR445851587106045952","AR10450922068563197953"
"AR492919309069189120","AR15021404713373401089"
"AR493946046771101696","AR02540304655427043329"
"AR498560353475493888","AR14086890610824839169"
"AR527920268874612736","AR05512881345241546753"
"AR61174627946201088","AR03764640264891662337"
"AR78785299529859072","AR17055607190192128001"
"AR106403725949534208","AR11520683248153788417"
"AR134358121890971648","AR03044064324512382977"
"AR174107219581730816","AR16828175409009917953"
"AR269976765143711744","AR05584094514349342721"
"AR319317693037543424","AR12506971566547927041"
"AR377868302124318720","AR01674271847908114433"
"AR409178888590065664","AR09651689402795032577"
"AR545242799692316672","AR13698676419679223809"
"AR14346840036081664","AR05903832083389743105"
"AR228499063375396864","AR08823027071358861313"
"AR249794782539284480","AR10336236546155347969"
"AR275153918722310144","AR07042280716440174593"
"AR280355880032010240","AR15636128882640289793"
"AR330008244594409472","AR14262125963696406529"
"AR353198319213740032","AR07943980719091482625"
"AR424531816125300736","AR10646984920443912193"
"AR495298652231696384","AR06874533724948529153"
"AR9016648182792192","AR17714623948433391617"
"AR96098347059773440","AR11944021613126615041"
"AR325257186131312640","AR10534394929759649793"
"AR444426516957233152","AR10002970173729931265"
"AR552996212094009344","AR01036983913332867073"
"AR12505501656940544","AR06955661877598748673"
"AR152328230697697280","AR08104849165839761409"
"AR19439915334893568","AR15404277339592327169"
"AR197408516674158592","AR09835492562587090945"
"AR333786785022738432","AR01702836060486107137"
"AR391177134464303104","AR16035541874592710657"
"AR406199315158007808","AR00697670914149449729"
"AR427203835539226624","AR04539259400799387649"
"AR859955531874304","AR17717636335415590913"
"AR254894935944200192","AR03273831743269896193"
"AR283712517232918528","AR15704527301980979201"
"AR319911326237327360","AR04935112311540023297"
"AR363477034946527232","AR03242222708116684801"
"AR405864445147873280","AR02472951596766461953"
"AR467911432491499520","AR06243817433933545473"
"AR525389124387995648","AR14240857423085568001"
"AR8672947719897088","AR00059022196495876097"
"AR189320234262331392","AR15231649341107077121"
"AR20970401161019392","AR10288318729905242113"
"AR416139587467870208","AR09981313780392394753"
"AR196030450647433216","AR07731568404183646209"
"AR23440866349678592","AR05753504242300092417"
"AR234511467833982976","AR14495499505715118081"
"AR24800240678731776","AR11466640052625342465"
"AR248897855928926208","AR04319427443988365313"
"AR322805893676662784","AR15880167687448428545"
"AR350812378981466112","AR13897739426475278337"
"AR380654292790411264","AR10417301339448016897"
"AR467682802792398848","AR15034390632892203009"
"AR513997977765806080","AR15494486771093209089"
"AR554674754032762880","AR17681607538396626945"
"AR6167641756532736","AR00360763371529699329"
"AR128771846907625472","AR03661901898392272897"
"AR252789680414654464","AR11283621119501795329"
"AR314115113252552704","AR16774132213481472001"
"AR325592571537522688","AR17064512134865485825"
"AR38013174988931072","AR18017125710635728897"
"AR434031768387977216","AR18362016394867900417"
"AR469586847694061568","AR14439015806689869825"
"AR47257009761812480","AR14046358214178504705"
"AR481432711093813248","AR03963643073426096129"
"AR539388793627607040","AR05215643769835094017"
"AR102615049398386688","AR07925086711279779841"
"AR103570250125017088","AR07634008325134221313"
"AR203278912334069760","AR01562560779331305473"
"AR232680299937398784","AR12279275490258190337"
"AR296678611182682112","AR04097906637317079041"
"AR386440060414722048","AR08215041121663844353"
"AR415687104073302016","AR14059418213293228033"
"AR525920222863949824","AR17884269521628299265"
"AR89480764529311744","AR09622416005217124353"
"AR92335131074756608","AR12588036359840595969"
"AR142422833522278400","AR01473152479490211841"
"AR210395638783803392","AR10667616431505408001"
"AR224439838244339712","AR14131230891116068865"
"AR38308393860988928","AR15518582430976966657"
"AR472365485376143360","AR10804610907401879553"
"AR513382972808757248","AR04835072696331010049"
"AR9517475729244160","AR08109206530420637697"
"AR117485875444580352","AR04773224617512796161"
"AR22690174785814528","AR10756243116018106369"
"AR324560817313808384","AR17612167056910712833"
"AR75560260126900224","AR01090346511163719681"
"AR101600956080193536","AR08138479927998545921"
"AR146731201116241920","AR10680566204579446785"
"AR247685438200872960","AR15308210534772375553"
"AR257535722355949568","AR05823629719530110977"
"AR351726313662316544","AR18437576758074015745"
"AR467940294671728640","AR02335456568201445377"
"AR500691207010123776","AR13998653703184187393"
"AR68070593076920320","AR01444001402580893697"
"AR189698053945425920","AR07898040099626024961"
"AR25868003908255744","AR18041895508586266625"
"AR375796066303344640","AR03294747065770311681"
"AR382917912354095104","AR16503293087624200193"
"AR385831618167701504","AR10602939584146833409"
"AR429550536950284288","AR01450143686850510849"
"AR547832493173112832","AR11142380879454666753"
"AR169896433644732416","AR00675254758277120001"
"AR175016550057639936","AR02022591634029412353"
"AR248041576889057280","AR14699380160147226625"
"AR315352098193539072","AR01674970037791752193"
"AR3243112625340416","AR06343795476491403265"
"AR328428521263202304","AR08520441471394906113"
"AR117681210557202432","AR17096139586838462465"
"AR232431501071876096","AR00404287539315212289"
"AR237225062531334144","AR14627322566109298689"
"AR297247024334503936","AR13663636083613630465"
"AR321878627417325568","AR03968511985791795201"
"AR413965028346036224","AR11384730834402541569"
"AR437568278819241984","AR12841927476028375041"
"AR460489557205319680","AR17046599990937387009"
"AR494999069672865792","AR06849795812835196929"
"AR501740828297789440","AR03896089079015538689"
"AR246860563961872384","AR04999554825482928129"
"AR292278434367799296","AR00685022544700375041"
"AR294741701191270400","AR02311912725715877889"
"AR36059239747158016","AR10232653754725826561"
"AR435113962707615744","AR16964374113365786625"
"AR532547151243247616","AR18388672679893794817"
"AR5750102215884800","AR15289572988047851521"
"AR147244604326936576","AR07242263602151817217"
"AR218587653245763584","AR03427714717769007105"
"AR252693679305654272","AR14411994208925646849"
"AR264135472182198272","AR05991253565719445505"
"AR266204478187765760","AR04916657146306756609"
"AR315792452600463360","AR06724349645004210177"
"AR491306772187840512","AR12521180417874722817"
"AR569630826589847552","AR09403011758429306881"
"AR269964670515806208","AR11420759631421505537"
"AR296912360482799616","AR06381096408463704065"
"AR350086048472104960","AR17869075233005109249"
"AR377916921154109440",NULL
"AR393899078578077696","AR04296909445851512833"
"AR103928587836456960","AR14826325374643732481"
"AR12117477131550720","AR01227706299798519809"
"AR352018165280014336","AR05515133145055232001"
"AR425581609211658240","AR11447464569836929025"
"AR149337902667530240","AR08835729316877697025"
"AR169377086199300096","AR12452928371019481089"
"AR191075604576075776","AR01861182914755035137"
"AR448910050497396736","AR12449415431368736769"
"AR44896564455407616","AR01225454499984834561"
"AR511167937915125760","AR11453129253743230977"
"AR199262327638327296","AR12601282863615180801"
"AR219776190955651072","AR08931113462415753217"
"AR221296746817388544","AR11637022573488766977"
"AR241127538535956480","AR01743368457132441601"
"AR30617035146788864","AR09205833039685353473"
"AR51412476520038400","AR10655129690265616385"
"AR146221714915721216","AR01635282066075549697"
"AR152110149438275584","AR12993360326303940609"
"AR170600258525462528","AR06608836740096458753"
"AR226430847643811840","AR13731950665192701953"
"AR340989342098915328","AR01891142819905536001"
"AR341289165175914496","AR00234461646213349377"
"AR399690962235817984","AR12840237938973343745"
"AR421277742743420928","AR01284001295140651009"
"AR507858201757089792","AR10418792552093188097"
"AR522146870756114432","AR04768038358603530241"
"AR175614753102626816","AR09385977024780173313"
"AR204347328398622720","AR17252903144363393025"
"AR20920716979339264","AR09820574388821426177"
"AR229359568663085056","AR10862313277627564033"
"AR243734858562535424","AR01968548438500966401"
"AR342318651656896512","AR09781449367058644993"
"AR409521283382902784","AR01315526492532244481"
"AR96596357107679232","AR10741560512618692609"
"AR16800537672417280","AR08448383877356978177"
"AR170532569840877568","AR08193077827143204865"
"AR195953553552965632","AR06616791019528650753"
"AR217804216851234816","AR03317515202802483201"
"AR319091124922744832","AR08552811093716631553"
"AR333853992670986240","AR00369770570784440321"
"AR394809199327969280","AR05907311625374793729"
"AR395882700633800704","AR09511955768555864065"
"AR436823359691423744","AR04722499610638024705"
"AR458024314696892416","AR18418448829163503617"
"AR467783854782939136","AR06946507756102746113"
"AR49587355937406976","AR06494666064008314881"
"AR532361402497630208","AR00455338963704479745"
"AR555927407014445056","AR08120465529489063937"
"AR14264926419812352","AR06684807908334501889"
"AR145448586442702848","AR16027723247407595521"
"AR175667529660760064","AR09079732250118979585"
"AR251510020678615040","AR17690614737651367937"
"AR503516333418217472","AR09877860044140183553"
"AR557497956295507968","AR03274592330438410241"
"AR61290695142408192","AR09853506961096572929"
"AR69350252812959744","AR02929443810729525249"
"AR98229922148909056","AR01049053527348871169"
"AR125862436061315072","AR00917166832719233025"
"AR149311033352126464","AR02480072308945846273"
"AR195785225194700800","AR17429405959263879169"
"AR25571685524570112","AR15187604004809998337"
"AR265664274381144064","AR09485056216582324225"
"AR387440753434951680","AR12092640400829841409"
"AR518471340823412736","AR02630577583724429313"
"AR524247900037840896","AR06559563226009305089"
"AR90592405144731648","AR09714739797578219521"
"AR401217599771246592","AR06844900237312524289"
"AR500680246253584384","AR11149031412974223361"
"AR502162697165471744","AR01788404453406146561"
"AR575274379257053184","AR14375120986976550913"
"AR121760948452065280","AR13957130646561226753"
"AR203231942571720704","AR09732754196087701505"
"AR234605647876849664","AR01884376150470295553"
"AR252219652355129344","AR11245219576390090753"
"AR326984518898548736","AR08252916685900611585"
"AR37363604135084032","AR16364169407460540417"
"AR503456925430579200","AR11846433633969635329"
"AR157321765834457088","AR16299002452793884673"
"AR182295420112732160","AR00827608312101994497"
"AR526715719526645760","AR13625413623458299905"
"AR98988963129196544","AR16087333270307471361"
"AR179599520680640512","AR12930309931520753665"
"AR23840882423758848","AR06012780903879671809"
"AR302900163368714240","AR11905015750936494081"
"AR500416157304487936","AR05265847608198299649"
"AR546237307959640064","AR11849446020951834625"
"AR216856334748876800","AR13291100653402193921"
"AR228678283770724352","AR07332335594699227137"
"AR300474159681503232","AR17402468199261274113"
"AR502570238022254592","AR17306829104464527361"
"AR97012350460100608","AR05103480389662408705"
"AR164322768685367296","AR10520884130877538305"
"AR206303153426006016","AR14344440214515089409"
"AR44613165333348352","AR04962597765772214273"
"AR453862628826021888","AR15281188937008152577"
"AR561608480515948544","AR03040405149815144449"
"AR84152221943463936","AR10800107307774509057"
"AR137365973387706368","AR03908755452967518209"
"AR157394952077180928","AR05187777747140739073"
"AR179905631589761024","AR12629774920742600705"
"AR246730237474242560","AR05291043879221460993"
"AR395726260745011200","AR00469671784967307265"
"AR451892407068262400","AR13762631437654163457"
"AR465778654811521024","AR06448883499339350017"
"AR547805864375877632","AR17043870590760386561"
"AR125152392067940352","AR17042096391310016513"
"AR188049954734866432","AR09527217264827301889"
"AR226771283931561984","AR13045151722018701313"
"AR228021600451035136","AR07359357192463450113"
"AR458959346257100800","AR07197592918616440833"
"AR142044670241800192","AR12128669197848805377"
"AR218388950878781440","AR02905662473732358145"
"AR253299785090465792","AR04215000227628711937"
"AR277467497345581056","AR01620602486333112321"
"AR405699999440044032","AR12933969106217992193"
"AR65627753117908992","AR00795360735570952193"
"AR218085004633178112","AR10397035141124849665"
"AR264590085880545280","AR08320036373218197505"
"AR277204954584711168","AR03644878159859417089"
"AR370257757514760192","AR11142687093443002369"
"AR475254727056031744","AR10259675352490049537"
"AR189414654823366656","AR16722340817766711297"
"AR261749257072017408","AR12191719592631992321"
"AR3043448185683968","AR10304510413013778433"
"AR357455284639105024","AR05759716895313887233"
"AR545336601778061312","AR13664396670782144513"
"AR575075711249809408","AR09624607606769188865"
"AR75532050781700096","AR12260264247019175937"
"AR80840939597201408","AR18107824287372017665"
"AR126528740107747328","AR06048737133131202561"
"AR136066488082628608","AR17393377162244915201"
"AR161548700848488448","AR01063324913399496705"
"AR3381788529393664","AR17629780958309777409"
"AR367583573437317120","AR10339895720852586497"
"AR422844615532478464","AR10637080107384045569"
"AR521416623236579328","AR11784143826354962433"
"AR567631227255783424","AR11005985087639519233"
"AR137543441436377088","AR13055756099351740417"
"AR151615506644729856","AR08796005473594638337"
"AR204879629465419776","AR11212876754664292353"
"AR332642537015607296","AR00954394097412472833"
"AR352527273523412992","AR03206193911097720833"
"AR396652668010889216","AR02783699971055026177"
"AR420379544822743040","AR14939778481955799041"
"AR494722027102404608","AR05998425680067428353"
"AR499215696765386752","AR12732151547916451841"
"AR186418623076630528","AR02870897015573708801"
"AR306761820004155392","AR09629171404658180097"
"AR320497400294670336","AR11403589657842155521"
"AR34770955716788224","AR07620565970850938881"
"AR42184172348899328","AR13359370292443480065"
"AR448604283185659904","AR01482539010256535553"
"AR520650297991757824","AR10502025307437924353"
"AR130306833859477504","AR16438614041242370049"
"AR154043503196766208","AR04583390773881339905"
"AR19204654206287872","AR17145864587887771649"
"AR228253734843449344","AR04562621823866372097"
"AR240382413249708032","AR12423031825226530817"
"AR251930893113884672","AR04931916993310752769"
"AR302532823405821952","AR18212187869496213505"
"AR334609700756652032","AR15339735732163969025"
"AR369940857647792128","AR05615777629098475521"
"AR380283482493943808","AR05958737708351225857"
"AR43090238649663488","AR10911936711290257409"
"AR432948783794356224","AR15945469882045300737"
"AR531527216769531904","AR15702778253859094529"
"AR12945271948312576","AR03759804475313750017"
"AR180636085267726336","AR05247168967226687489"
"AR322277406540824576","AR01750711820416450561"
"AR371703787103977472","AR00640977208403296257"
"AR430743507066421248","AR09289936470800334849"
"AR486291452976955392","AR08737898070773071873"
"AR491987472964648960","AR05054504843226382337"
"AR529357914687668224","AR04714583126918037505"
"AR571842356790165504","AR03655511811689545729"
"AR117800610648031232","AR08217292921477529601"
"AR190711425709113344","AR01491166877999693825"
"AR209877493929213952","AR09102448710104645633"
"AR223728935257505792","AR08459999805387571201"
"AR235226871946543104","AR16243284426178428929"
"AR240501607182106624","AR17216834764925829121"
"AR314826806513369088","AR10939718896222994433"
"AR379083056314580992","AR09252360248604229633"
"AR403564266822565888","AR17955566528497713153"
"AR86001085105307648","AR11489158050762194945"
"AR113425619521372160","AR15618114484130807809"
"AR128018337845215232","AR03136609393588568065"
"AR134039538396823552","AR06083976068484562945"
"AR152650559403327488","AR06832436036061102081"
"AR257628046972944384","AR08714180093133455361"
"AR324953755281784832","AR13092967283687424001"
"AR351076777168207872","AR02059962934745890817"
"AR397620891078361088","AR07020531826686951425"
"AR436726155991580672","AR17768982428921102337"
"AR437026838062039040","AR06526556574138236929"
"AR518712477467279360","AR14747811036010643457"
"AR52180416672563200","AR10152579621409783809"
"AR546258439198736384","AR17764924131502981121"
"AR573266052549443584","AR03618494553717211137"
"AR158353760576339968","AR01058060726603612161"
"AR309200777312731136","AR02998640200634073089"
"AR318358987617599488","AR01656955639282270209"
"AR381793867873124352","AR12803346712521342977"
"AR391322510517338112","AR09235264354620801025"
"AR472926682982907904","AR00684178119770243073"
"AR500619326437457920","AR14763274979860545537"
"AR542349503563300864","AR07619721545920806913"
"AR62852860647309312","AR16923116313923026945"
"AR77412627982057472","AR08353473621330493441"
"AR99090530515812352","AR07769184758554165249"
"AR124938811934244864","AR00787742906696859649"
"AR135675989656076288","AR02668858180557078529"
"AR196708471364648960","AR05782252897953644545"
"AR296280725412380672","AR10926208097340882945"
"AR309736136396242944","AR17641075141750292481"
"AR326328454054150144","AR17551003149202882561"
"AR341164198807470080","AR04534945604366761985"
"AR57534694702448640","AR12726785518856044545"
"AR104171957863317504","AR04255397384344829953"
"AR161661194631905280","AR12501623541990424577"
"AR166958744733745152","AR02704886977576042497"
"AR251560151536893952","AR15410930896768860161"
"AR270742197035335680","AR05417545165898252289"
"AR365627198654119936","AR14609308167599816705"
"AR494623998768840704","AR08058906347351048193"
"AR567432146931679232","AR03029146150746718209"
"AR192990335356370944","AR03797009887213387777"
"AR220642022002786304","AR12943820730402865153"
"AR238248432978886656","AR09589629667988471809"
"AR29668946886000640","AR17123161184602685441"
"AR349567697459085312","AR15249999090663030785"
"AR461323605494464512","AR01410102084707024897"
"AR46743331673210880","AR13488756285314695169"
"AR516433842697928704","AR17536331266041839617"
"AR143667824282304512","AR01850592418756296705"
"AR26137796573921280","AR10840639704420843521"
"AR50581039571009536","AR09512077814346547201"
"AR526062850137915392","AR17028585592427905025"
"AR85302448545071104","AR04891384596664418305"
"AR115691472468049920","AR13665652450500018177"
"AR208973970249089024","AR01634218838331490305"
"AR211334930951569408","AR14942574540025233409"
"AR220549594306576384","AR00630979349171929089"
"AR278844257702248448","AR08525789495952408577"
"AR283392524989497344","AR00305875751071121409"
"AR31308834119090176","AR13591177992465285121"
"AR332240734235131904","AR08786135844906860545"
"AR334147802793771008","AR04009672066138636289"
"AR344734278703120384","AR16086488845377339393"
"AR351821249619427328","AR14281389819731902465"
"AR430707257542443008","AR16368392631622828033"
"AR444221286239961088","AR01021068482520809473"
"AR496118372509941760","AR14339936614887718913"
"AR574220291203399680","AR07985357540667949057"
"AR135943617658224640","AR05445327350830989313"
"AR152798374997786624","AR06742364043513692161"
"AR174243799541743616","AR14065217037618118657"
"AR181859704270487552","AR05950721169073111041"
"AR281889389515112448","AR06247566356267401217"
"AR391102333313875968","AR01075973282848571393"
"AR392996516970627072","AR15753204468449017857"
"AR447694746551320576","AR10538054104456888321"
"AR467875732723335168","AR02495469594903314433"
"AR502875043261317120","AR10059767920763863041"
"AR89737741012566016","AR05589442538906845185"
"AR156739162110689280","AR08368163508994441217"
"AR323418733970194432","AR05107557378778202113"
"AR326132053789638656","AR12759173145680674817"
"AR425191042065629184","AR07817879929525108737"
"AR503018117211881472","AR08012379138432172033"
"AR83525500315631616","AR03332294700664094721"
"AR294583663574646784","AR01437123682471247873"
"AR316361793465221120","AR02082129089161854977"
"AR326159988256931840","AR12684863751829061633"
"AR328440993848229888","AR06416140317942087681"
"AR336369606555860992","AR00278836148803993601"
"AR344507676228583424","AR03845788895945949185"
"AR471045418587783168","AR11499155909993562113"
"AR122997314917761024","AR02885942320371335169"
"AR168663228274966528","AR06503673263263055873"
"AR189738804595130368","AR05801111721393258497"
"AR215284685956186112","AR00716547742091968513"
"AR33718379491622912","AR13141979114007166977"
"AR353524015173730304","AR15897021001678979073"
"AR359654170455703552","AR10637115291756134401"
"AR402157166816919552","AR11673805635484385281"
"AR470291909525372928","AR07103154765395132417"
"AR147914035109560320","AR06917160004051009537"
"AR235108296489435136","AR00186113646038876161"
"AR36520897191870464","AR07336839194326597633"
"AR449993447407878144","AR11537853221733138433"
"AR525706333492609024","AR12421403173627887617"
"AR574242040917786624","AR03209290135841538049"
"AR69996044095586304","AR02121670825831563265"
"AR364457318282166272","AR13420357865974005761"
"AR39987932232155136","AR03127538834976276481"
"AR452639765737504768","AR04126373543116013569"
"AR458000056721604608","AR09516581413973917697"
"AR494940417599471616","AR04143787058520915969"
"AR12509865343713280","AR02657599181488652289"
"AR305814899974471680","AR02698131578134986753"
"AR321948755643334656","AR11691820033993867265"
"AR370738862571388928","AR15594708767793479681"
"AR403838113937358848","AR16096340469562212353"
"AR410393161743990784","AR07208486604946538497"
"AR52593283288793088","AR02283800412416901121"
"AR549602225857495040","AR00374274170411810817"
"AR566299959192715264","AR17271779972305911809"
"AR148172420342087680","AR07021587220410662913"
"AR155909546227793920","AR07136429010908610561"
"AR183944687554396160","AR04503640721617584129"
"AR20165833527394304","AR08881535383607705601"
"AR217540780737167360","AR07053112417802256385"
"AR228203466546216960","AR08155878599996473345"
"AR240608328529477632","AR04606813395209945089"
"AR298828877969489920","AR06704083446681042945"
"AR355032785645207552","AR03540304708453269505"
"AR394948906024173568","AR12873574719210651649"
"AR41030028737118208","AR11531942247222214657"
"AR422368630076866560","AR07530493978303528961"
"AR433571588412014592","AR02163831874076540929"
"AR437469528931172352","AR12722843907109421057"
"AR462207063087382528","AR13641878672645292033"
"AR557107148631310336","AR15455984897545469953"
"AR13242999081271296","AR09763434968549163009"
"AR134008958229676032","AR06719846045376839681"
"AR150782626586689536","AR00008638175664668673"
"AR197981259153014784","AR17512722552370233345"
"AR209204077416939520","AR04720247810824339457"
"AR336115481930891264","AR10475848134603833345"
"AR345317019865841664","AR08710437080674598913"
"AR434920551740342272","AR13783427188265058305"
"AR463564478911348736","AR01662303663839772673"
"AR62007233126334464","AR05221638582107635713"
"AR93574658636382208","AR08015765496806768641"
"AR103258779096711168","AR03342146324848967681"
"AR131396037565743104","AR08025045512384151553"
"AR156992908778536960","AR12816740275976142849"
"AR163690824377303040","AR06598248855437836289"
"AR169334720641892352","AR10501946829795491841"
"AR177222823217987584",NULL
"AR206453889598226432","AR11673889473246003201"
"AR231855460058136576","AR11519838823223656449"
"AR265406095307046912","AR04092498414497955841"
"AR398967071267880960","AR05278694164618280961"
"AR489655477521612800","AR11135625480013611009"
"AR550110681265864704","AR03499367279211053057"
"AR63181580264275968","AR01423612883589136385"
"AR108606803654213632","AR14185969802626990081"
"AR193348501269118976","AR08440221103032369153"
"AR232209090485420032","AR04261871308809175041"
"AR237378444403408896","AR02914304360248770561"
"AR239198771802537984","AR13599780227843620865"
"AR33648251265613824","AR00311589088366952449"
"AR338953321442181120","AR05521026115063250945"
"AR414060479699222528","AR17325823167834357761"
"AR451162606225326080","AR01611602983659765761"
"AR52870497657946112","AR18028384709704155137"
"AR245178379890851840","AR08273587916819660801"
"AR354605109981741056","AR11587476655395831809"
"AR358038369399209984","AR14176962603372249089"
"AR494242365154787328","AR14047202639108636673"
"AR57449104594173952","AR06639269297807949825"
"AR96780594024808448","AR02846750365838213121"
"AR107495884593299456","AR02033898599292600321"
"AR213016737065467904","AR12874380248916951041"
"AR227091310534721536","AR17541235362779627521"
"AR237314329131614208","AR09826467358829445121"
"AR247032981129003008","AR06192484672006520833"
"AR315673567905710080","AR00554920907198431233"
"AR338561620424785920","AR09033935666676760577"
"AR342474026393796608","AR08372667108621811713"
"AR481236482627993600","AR15195620544088113153"
"AR537211073409843200","AR00423813766312886273"
"AR547426429785079808","AR01986562837010448385"
"AR208421465656131584","AR02380673983893733377"
"AR222279504054190080","AR07017207453280370689"
"AR231254783111987200","AR14158948204862767105"
"AR26363230817353728","AR15515422297119784961"
"AR307269175900897280","AR05224650969089835009"
"AR324367234547843072","AR17624749730540027905"
"AR405833418304126976","AR03444005082046136321"
"AR540831455962464256","AR08132089841295818753"
"AR175334102759636992","AR08484633951091032065"
"AR238606324013727744","AR14614656192157319169"
"AR65762305853358080","AR16908642067977076737"
"AR97736138348822528","AR05391284155302543361"
"AR155990910088249344","AR09460286418631786497"
"AR221223251337019392","AR16258470056147550209"
"AR334069015913693184","AR10682169292532744193"
"AR401680322367848448","AR04170808656285138945"
"AR427641681685250048","AR14671478953080782849"
"AR527769567062130688","AR10321757764723933185"
"AR98352345896714240","AR13418919292448014337"
"AR128025209792888832","AR06609384296887091201"
"AR199818955399888896","AR07671038090051321857"
"AR360142697215819776","AR09322926629996986369"
"AR449208430465384448","AR08647386685891411969"
"AR100996740080992256","AR06706335246494728193"
"AR110237826074804224","AR08173347640738578433"
"AR120948512438353920","AR00563425354761371649"
"AR235073318275776512","AR10507058459353022465"
"AR514824776150155264","AR00968749321224716289"
"AR99884240472113152","AR02949470727834697729"
"AR106078373586927616","AR06414468785389961217"
"AR194331808261734400","AR09302888717775536129"
"AR245753424472178688","AR08366414460872556545"
"AR255266570874388480","AR06533311973579292673"
"AR267871715772596224","AR07007496291705946113"
"AR298670101618491392","AR15191116944460742657"
"AR35267453936205824","AR08895084665396789249"
"AR517579705612763136","AR11791889885772644353"
"AR552409588280852480","AR09002410469285167105"
"AR111802190602960896","AR11073964455611072513"
"AR361973315356590080","AR17627648180629798913"
"AR410736518609502208","AR10952385270174973953"
"AR233677453904576512","AR03670223964463955969"
"AR246912000490209280","AR12991108526490255361"
"AR292345264058925056","AR14061261544537194497"
"AR293569604616192000","AR09462538218445471745"
"AR463546749286350848","AR15035119609101418497"
"AR508828452049125376","AR17314564168765931521"
"AR516381272298225664","AR14724924701478486017"
"AR516729439527108608","AR07787199157063647233"
"AR188827172016750592","AR13898583851405410305"
"AR332841205022851072","AR14317418616750866433"
"AR426848040448425984","AR11506310019838640129"
"AR508705272387076096","AR08980653058316828673"
"AR523461130748690432","AR05719202503170457601"
"AR97392987641741312","AR04055966865787191297"
"AR209593751209771008","AR09478300817141268481"
"AR435848230316539904","AR11011776490260922369"
"AR442662316190728192","AR05950095821834813441"
"AR463682126655520768","AR06701831646867357697"
"AR66802409493495808","AR16231448458383327233"
"AR194145200522657792","AR08658461654201139201"
"AR206961589092352000","AR09297361335383752705"
"AR20707755320934400","AR11298332035325624321"
"AR23233367889674240","AR07708250923654447105"
"AR273259425827913728","AR10808270082099118081"
"AR275518097589272576","AR02985499524853661697"
"AR290466095607840768","AR00279698578237030401"
"AR390681907555205120","AR10481918950617645057"
"AR416197517986758656","AR17204225977895354369"
"AR487042831735586816","AR08718599854999207937"
"AR568073918124916736","AR03503114827155374081"
"AR152523359651889152","AR09669703801304514561"
"AR211213778514083840","AR03563684311389437953"
"AR247376750311374848","AR01326838268158803969"
"AR330979869275979776","AR07611498573334577153"
"AR351743527891238912","AR06039802501643894785"
"AR438979158396108800","AR09566831294386536449"
"AR455543094910124032","AR06013207514391248897"
"AR460172210661752832","AR15414554887094009857"
"AR469742359869915136","AR11313517665294745601"
"AR522320249995919360","AR08043640040716238849"
"AR524335105053818880","AR02656754756558520321"
"AR569696797287514112","AR07539615526767558657"
"AR64049747773620224","AR03623621301559623681"
"AR81492743834042368","AR09100189763465379841"
"AR423004113437982720","AR08306103774187880449"
"AR522623405967540224","AR03156519075266428929"
"AR533668000268550144","AR02540149349409619969"
"AR10057920054034432","AR06994565622646439937"
"AR171239246579892224","AR14333683967138463745"
"AR19575636301447168","AR14294900618614013953"
"AR205658702173175808","AR14601145393275207681"
"AR238386559127126016","AR16994185447007584257"
"AR471417809432215552","AR04696750147827138561"
"AR499562386525519872","AR13403171674598146049"
"AR504241976732811264","AR07521149091540107265"
"AR57684365722779648","AR11480372128222543873"
"AR64130390079569920","AR01323671262353948673"
"AR381141788758376448","AR07980853941040578561"
"AR51640865700970496","AR17532228163524886529"
"AR551356702818041856","AR11680420297437085697"
"AR554748936707899392","AR10664885244622012417"
"AR60293094498631680","AR05251672566854057985"
"AR79668207366963200","AR07051388383569903617"
"AR146287067138097152","AR03398669606292815873"
"AR156023723638390784","AR02711642377017098241"
"AR171646237680861184","AR14688930401636843521"
"AR192417902115160064","AR11836925882046349313"
"AR243703831718789120","AR14046442051940122625"
"AR35545802176724992","AR12603760475629420545"
"AR440753735803600896","AR16825923609196232705"
"AR464907738523107328","AR12468067821500235777"
"AR470567543346561024","AR10628970521934430209"
"AR98809399136485376","AR13335633897984098305"
"AR164482438389563392","AR00349869685199601665"
"AR242996845742129152","AR16452490152862810113"
"AR247372764581724160","AR03643909490115346433"
"AR338446996337590272","AR12154828366179991553"
"AR375716317350592512","AR07238262754216247297"
"AR389588237082951680","AR05051765135127871489"
"AR406990070176808960","AR13867058654013816833"
"AR527807465853550592","AR10775337509823971329"
"AR156165835516280832","AR01170566879526256641"
"AR313677198387052544","AR09970582546905300993"
"AR374526542690123776","AR02553255802890616833"
"AR439474831981805568","AR04445648767516934145"
"AR543387957935996928","AR15941149900859768833"
"AR560798277885231104","AR11232452872002076673"
"AR124967880272904192","AR11917000015362392065"
"AR225924900496343040","AR13852703430201573377"
"AR226623674495533056","AR05933844352781516801"
"AR2334572423413760","AR01263735096817483777"
"AR271466843917516800","AR16936261800066809857"
"AR281031564287016960","AR14269529387803082753"
"AR290858208942096384","AR16807064785756618753"
"AR328051285695660032","AR15444473972875329537"
"AR388839675822866432","AR05061658953071460353"
"AR416526134524510208","AR04521245002289905665"
"AR429708316868870144","AR09744515946847928321"
"AR473552854854926336","AR00218899983267528705"
"AR87588230140002304","AR09858854985654075393"
"AR135553531548532736","AR06932787362816589825"
"AR297413428547420160","AR16478360974269612033"
"AR357580628964671488","AR03698358405434441729"
"AR492577704550334464","AR13279496819999506433"
"AR499887017333620736","AR01235952911884746753"
"AR539948960442220544","AR13687509504709623809"
"AR552975012135436288","AR04746108324309630977"
"AR60199567290793984","AR02423412000865386497"
"AR100609299671154688","AR03476391884237045761"
"AR187271981538738176","AR04688722613432745985"
"AR255012824206540800","AR12133752927298781185"
"AR37428921997721600","AR05044506983995015169"
"AR412380116694335488","AR03526793909571158017"
"AR430067857171152896","AR11858453220206575617"
"AR467144316972695552","AR01937158068722728961"
"AR529946806243557376","AR00614593602261090305"
"AR530224329850355712","AR04533720061218652161"
"AR279758535980482560","AR08523537696138723329"
"AR555850647358930944","AR15230488256828145665"
"AR80565443214966784","AR15933224895924666369"
"AR81872315863793664","AR10746064112246063105"
"AR109675047920074752","AR07949328743648985089"
"AR12336554823385088","AR05575931740024733697"
"AR126411092363575296","AR05164943089655087105"
"AR130280376860934144","AR15893678486330540033"
"AR13176547347267584","AR16763863874389671937"
"AR153550337871970304","AR15233340389990596609"
"AR305663888924344320","AR01022792516753162241"
"AR457675735151149056","AR15373315092154155009"
"AR499593275930312704","AR14625779951295528961"
"AR557915220958248960","AR01209691901289037825"
"AR144491221052555264","AR05770577183978291201"
"AR14669787217002496","AR14522332399796224001"
"AR266621330533646336","AR14952426164210106369"
"AR433678962594414592","AR02531863704660606977"
"AR453785422493908992","AR18096929364091338753"
"AR525319099241201664","AR18415694277658017793"
"AR553605582053965824","AR00334269539346808833"
"AR9183052395708416","AR13262192706001567745"
"AR167070242084749312","AR09302959086519713793"
"AR173658550118121472","AR18154485499270529025"
"AR27189307647197184","AR00788605336129896449"
"AR323235837082861568","AR02059931186347638785"
"AR40471923506806784","AR11510831623968915457"
"AR449461489938464768","AR17788532845174587393"
"AR463536510084317184","AR03773731301908021249"
"AR509404389983649792","AR04534156979651739649"
"AR60399678407049216","AR00144590589415915521"
"AR87157049783222272","AR13178007911026130945"
"AR129603455655346176","AR01468648879862841345"
"AR204488615642791936","AR16711521211032535041"
"AR242342705043079168","AR08306965653865103361"
"AR268234211012378624","AR03003615765627666433"
"AR268941574946160640","AR03711441494293348353"
"AR283873389527957504","AR12766735861534425089"
"AR512826104529027072","AR08255573518310178817"
"AR547372313197150208","AR13975804752047374337"
"AR548252781492830208","AR00743569339856191489"
"AR125492931434905600","AR03672476314033455105"
"AR188399874310406144","AR15294699735890264065"
"AR199988726867165184","AR05733293431875174401"
"AR231601129274736640","AR03694417755760492545"
"AR251475695299985408","AR11345042862686339073"
"AR331480078347141120","AR13569821078607364097"
"AR398877151832571904","AR09399487823662284801"
"AR234519885969883136","AR14723107895952539649"
"AR366644246909812736","AR11969294162768953345"
"AR521297841621041152","AR16915151176813510657"
"AR537953140679376896","AR04188100263338311681"
"AR214041653701246976","AR05651630504256995329"
"AR297296880314875904","AR16532209968556802049"
"AR363284001936375808","AR18433708676167499777"
"AR372829687010820096","AR00381029569852866561"
"AR489891425844985856","AR17740154333552443393"
"AR506830811220148224","AR12427900875031183361"
"AR542121457979752448","AR05021228398689648641"
"AR544984277020835840","AR14140933806353285121"
"AR571457802598350848","AR10287265260326879233"
"AR75246658794815488","AR02747671174036062209"
"AR82835831647109120","AR07323328395444486145"
"AR122014007925145600","AR13668139683241000961"
"AR221679720461238272","AR11387970682852737025"
"AR284414417968300032","AR14805637925928173569"
"AR331836251395063808","AR12488957168038445057"
"AR444737266431033344","AR13251694156662702081"
"AR47529894803931136","AR02719805151341707265"
"AR499149691707981824","AR11330687638874095617"
"AR56689445138595840","AR13196022309535612929"
"AR80260637975904256","AR09948926978201485313"
"AR125746952980660224","AR10088538566649970689"
"AR386358112438714368","AR13506010096655663105"
"AR413859337790816256","AR04256377049205178369"
"AR515334777746751488","AR08007822349929807873"
"AR109689375930974208","AR13876431166006886401"
"AR138432327867957248","AR07183533188554162177"
"AR264005592371167232","AR14852484542974918657"
"AR314634288899293184","AR04222982682046365697"
"AR345065850178371584","AR03625873101373308929"
"AR35922316189761536","AR03265270258541264897"
"AR390669572409131008","AR05074065017645563905"
"AR405092003869622272","AR18053154507654692865"
"AR405647257241649152","AR04823022048890585089"
"AR525959015008567296","AR07868263950356316161"
"AR169265623208034304","AR00355397342469292033"
"AR176546314329260032","AR16663794022610894849"
"AR212693583726116864","AR03725455044867260417"
"AR260976815793766400","AR05765082924374294529"
"AR26687346229379072","AR09761267006497095681"
"AR408883635358269440","AR00671511745818263553"
"AR531001925089361920","AR12664597553505894401"
"AR142665275836203008","AR09120629959503642625"
"AR250509224579170304","AR14511073400727797761"
"AR25486713891586048","AR07811282447441592321"
"AR377468732726837248","AR11596382012386050049"
"AR488194192208560128","AR09478016730824441857"
"AR488609773244121088","AR09085226509722976257"
"AR513677916802908160","AR06835778551409541121"
"AR513838308061609984","AR11194926540146081793"
"AR56175011135750144","AR02887282762484547585"
"AR82976122458865664","AR01945269853195599873"
"AR128797891589308416","AR03193527537145741313"
"AR222900487605714944","AR02204362621455433729"
"AR380226788925636608","AR00188764156256583681"
"AR518955400817541120","AR09295905032232763393"
"AR552795448142725120","AR10303786247167934465"
"AR98656360861794304","AR17474441955537584129"
"AR188533499332919296","AR08904679003860762625"
"AR482562184413446144","AR09538236982677733377"
"AR483467597879181312","AR03195869496912904193"
"AR511722435372908544","AR17397880761872285697"
"AR517997520031318016","AR05935459123045859329"
"AR100430113635565568","AR14695720985449988097"
"AR122316957738336256","AR02490965995275943937"
"AR133913266358321152","AR01438184573753098241"
"AR18552540731801600","AR14087735035754971137"
"AR231637825475313664","AR05193125771698241537"
"AR232330930117672960","AR03198031136773111809"
"AR68578395650260992","AR15059668130336866305"
"AR443477775861415936","AR16644935199171280897"
"AR457354437237669888","AR03754728442445168641"
"AR472037521673420800","AR05323730160891985921"
"AR507777353292709888","AR15443318523593490433"
"AR533801522211848192","AR13002367525558681601"
"AR560427467588763648","AR10318222147645865985"
"AR277716296211103744","AR17852744324236705793"
"AR305974088642330624","AR14569620195883614209"
"AR335760270955642880","AR11867460419461316609"
"AR367477711083405312","AR17088531653569019905"
"AR439075331303800832","AR15362253730300821505"
"AR71452106728407040","AR06671297109452390401"
"AR74039601185947648","AR06649775956045070337"
"AR166222656058687488","AR13844540655876964353"
"AR496642461599268864","AR16517929786413154305"
"AR529974843790065664","AR06152392492328157185"
"AR539046914230845440","AR18001363111939932161"
"AR540450028506841088","AR03170165114078756865"
"AR28386572730630144","AR05911952663955636225"
"AR316782081784938496","AR15731817180582379521"
"AR516984423145537536","AR01335192082628739073"
"AR136354491409629184","AR18158989098897899521"
"AR161795335050493952","AR01386739661640040449"
"AR190677100330483712","AR04220348252186214401"
"AR275945601454047232","AR03125973542735183873"
"AR570286788355031040","AR12011575607537172481"
"AR155046807557111808","AR17340899258957561857"
"AR163011326191337472","AR04969682606384742401"
"AR22286963256066048","AR02648591982233911297"
"AR241855621391974400","AR05911449912263835649"
"AR312964096376963072","AR16679433063687520257"
"AR382471716791648256","AR05854310491991572481"
"AR426960637311057920","AR16006268477014802433"
"AR540313860863688704","AR10317461560477351937"
"AR553278305546010624","AR05778593723256406017"
"AR22825242917339136","AR00658000946936152065"
"AR231982350571929600","AR17014726248359788545"
"AR30722485183840256","AR01046121542154452993"
"AR412983508059815936","AR03090935405692846081"
"AR513405066120527872","AR17725464445888495617"
"AR553618741833760768","AR10606452523797577729"
"AR568985997379895296","AR11016280089888292865"
"AR59338443527815168","AR03404352294702022657"
"AR98192985430163456","AR08304268689281122305"
"AR277182277157388288","AR06203567749214502913"
"AR323651315039207424","AR02590045187078094849"
"AR469904469115535360","AR14925404566445883393"
"AR529255694466023424","AR13457231087923101697"
"AR549402905015222272","AR16555707631554002945"
"AR134773737286270976","AR13636530648087789569"
"AR137536157171843072","AR04864760884670496769"
"AR185084640594231296",NULL
"AR208001211696152576","AR13227547506927206401"
"AR379973282775957504","AR07800709955945758721"
"AR390744339199819776","AR00394838198947151873"
"AR39338808054906880","AR06429866621103243265"
"AR404440165273042944","AR11290999667157893121"
"AR564422027692212224","AR10929550612689321985"
"AR565291500871614464","AR09228351037822205953"
"AR207995267461414912","AR06938968679748993025"
"AR235859950125973504","AR12663753128575762433"
"AR433976998965018624","AR00524829885286318081"
"AR506579778971631616","AR13466238287177842689"
"AR511132925341728768","AR06629774052829429761"
"AR133211262543724544","AR07580033574204604417"
"AR163497585208721408","AR15137073748932296705"
"AR323166842728218624","AR05767334724187979777"
"AR360564909680885760","AR10159751735757766657"
"AR469652680952774656","AR14114756633519194113"
"AR86257133875625984","AR16564029697625686017"
"AR105500339708362752","AR11825178974693097473"
"AR158734329038503936","AR12979849527421829121"
"AR180524622276460544","AR11281992467903152129"
"AR220068523609686016","AR08091192131911155713"
"AR387250950240206848","AR03862821842888687617"
"AR459419010836987904","AR04974701189770772481"
"AR493355059271172096","AR18368986611393232897"
"AR506712029604610048","AR16178741032043675649"
"AR212218251105533952","AR11894482017225539585"
"AR250371373308837888","AR00171268727235411969"
"AR259182000500375552","AR01461893480421785601"
"AR313943555078881280","AR16042297274033766401"
"AR358437973156429824","AR13186814174530895873"
"AR366760348465758208","AR13650125284731518977"
"AR478027248704684032","AR05358896528477913089"
"AR479299108780113920","AR18441871450492108801"
"AR536466497879408640","AR15695520102726238209"
"AR12902425354567680","AR01603756868683956225"
"AR138287295412305920","AR10435315737957498881"
"AR155230254200258560","AR11700066646080094209"
"AR18344286357553152","AR09868651221940699137"
"AR196810725946032128","AR02923311559503511553"
"AR201981385534078976","AR04845504175460581377"
"AR538581958251249664","AR16681808421120376833"
"AR560515634677415936","AR13024041098765402113"
"AR77689292595396608","AR02341502782642585601"
"AR84877556020412416","AR06990062023019069441"
"AR203659274637803520","AR05682193628974284801"
"AR328310323763216384","AR00639142123496538113"
"AR347776283779792896","AR05097705754593329153"
"AR399713192986542080","AR06083528567252058113"
"AR527475722579607552","AR02297311211299012609"
"AR544379614345035776","AR02035258007981391873"
"AR139228992761757696","AR12310851265184661505"
"AR153389946613268480","AR18126302817227374593"
"AR410319666263621632","AR11687316434366496769"
"AR426517671564017664","AR11564874819497361409"
"AR469148211274055680","AR14900370473387819009"
"AR507228044155420672","AR07336863383582408705"
"AR156196140805521408","AR11171654277032574977"
"AR220354602791337984","AR07609639299172007937"
"AR221766307001925632","AR00116814864113991681"
"AR275259781076221952","AR16939504259857121281"
"AR290068759593353216","AR15726200875187699713"
"AR341570674512363520","AR07916546804466843649"
"AR342002885661294592","AR13006026700255920129"
"AR442944066045345792","AR10631222321748115457"
"AR502710803711918080","AR18352643882874830849"
"AR19112604467200000","AR05931716110587002881"
"AR497313507289595904","AR02370359465313566721"
"AR534745624742985728","AR03302968114211192833"
"AR534960613625954304","AR06159465375751733249"
"AR106013364961935360","AR12920542145097498625"
"AR15093236632649728","AR01215821403735982081"
"AR1859377241784320","AR05723789940559446017"
"AR368489364860174336","AR11022911931710177281"
"AR40210617696518144","AR08385417320335409153"
"AR200510307695591424","AR14596641793647837185"
"AR332608005478547456","AR06728092657463066625"
"AR349525091383508992","AR11556375594614652929"
"AR389868612548034560","AR04260880648832548865"
"AR421582685421436928","AR01587247701592899585"
"AR428633612972195840","AR07601707147411324929"
"AR486784309064105984","AR15591937311296716801"
"AR60866146215133184","AR05007633762045919233"
"AR12998976219381760","AR08466398275866460161"
"AR199514321959518208","AR06922186971213201409"
"AR229234430495948800","AR13916598249914892289"
"AR255071304481243136","AR03674568272344252417"
"AR308895078720471040","AR15648735058330648577"
"AR334064892745089024","AR00413962142128013313"
"AR371060882039373824","AR06602752455065206785"
"AR505312110784282624","AR04052870641043374081"
"AR511123854370799616","AR11613509792206684161"
"AR61879724137250816","AR09723746996832960513"
"AR375244764301230080","AR05625471335925809153"
"AR486914979149119488","AR12676776568928862209"
"AR530271162173751296","AR16335031249812848641"
"AR101121809528651776","AR01666807263467143169"
"AR109900516523245568","AR01336603718119849985"
"AR142649470356553728","AR12853748737855455233"
"AR14311552584777728","AR09039798125237108737"
"AR163816168702869504","AR09261698813175791617"
"AR20664702568759296","AR17276283571933282305"
"AR233288707824680960","AR02440265315095937025"
"AR248471829532901376","AR06365052334791196673"
"AR380973426040373248","AR01109351569649827841"
"AR427131130332839936","AR14924542137012846593"
"AR469372374207168512","AR05684018131081625601"
"AR493826681040011264","AR11463765104596615169"
"AR58730447957393408","AR15827457787207614465"
"AR64208008728543232","AR13501105999917875201"
"AR86366913239711744","AR15818752953650511873"
"AR159738354953355264","AR12466439169901592577"
"AR295625588280918016","AR04393946707121930241"
"AR417816926815780864","AR14990706761042755585"
"AR511283524074995712","AR08994163857198940161"
"AR166505642863886336","AR18176159072477249537"
"AR231062334217388032","AR02976653266613436417"
"AR261796398633058304","AR05368766157165690881"
"AR311876473218662400","AR02197387594566729729"
"AR323988487151812608","AR18349768934846103553"
"AR466682006692954112","AR13704929067428478977"
"AR471507591428571136","AR05410289213788651521"
"AR507144824869093376","AR16076408660212842497"
"AR86088805517361152","AR15066006814870994945"
"AR87427770161823744","AR08969463740797812737"
"AR139277439992856576","AR01203895688304263169"
"AR164940831659130880","AR07081124675543105537"
"AR276627470461960192","AR01883605667697131521"
"AR321917144684036096","AR15312714134399746049"
"AR323533289337913344","AR03058419548324626433"
"AR40133273925451776","AR15095696927355830273"
"AR416111137604501504","AR13749965063702183937"
"AR422626671712010240","AR10480524357556764673"
"AR485003753062137856","AR05330850873071370241"
"AR10245043189186560","AR13027640075201019905"
"AR109084404017528832","AR13342892049116954625"
"AR370908840197095424","AR02224391187828047873"
"AR408136448487718912","AR03585340704726974465"
"AR461110987433443328","AR16897136778304028673"
"AR535604343324278784","AR12043100804928765953"
"AR571358124997345280","AR14749764180978434049"
"AR109931405928038400","AR08570825492226113537"
"AR197303994350043136","AR04310420244733624321"
"AR225713622465118208","AR14742248194368864257"
"AR231266018746433536","AR02993861723099758593"
"AR393609425983635456","AR00440079116700483585"
"AR421888452733173760","AR10624466922307059713"
"AR450404630396928000","AR10223646555471085569"
"AR467323709166714880","AR01134538082507292673"
"AR51122033651613696","AR03611479394654093313"
"AR533976516359356416","AR08173646295584473089"
"AR548862323251478528","AR11943177188196483073"
"AR113155139660939264","AR02100143487671336961"
"AR123635684496900096","AR04359115415704567809"
"AR192122751962578944","AR01839572700905865217"
"AR301854837048344576","AR07498968780911935489"
"AR308888859607826432","AR04254125249391493121"
"AR329437666779070464","AR06887469891566174209"
"AR417055308855115776","AR08253321718496493569"
"AR440694396535439360","AR14034682500203151361"
"AR515506129761992704","AR18233298492749512705"
"AR124662800155934720","AR07459067641378897921"
"AR1500489774530560","AR05471486519162175489"
"AR379138409853091840","AR13407691492022026241"
"AR102186205503815680","AR08633875887009300481"
"AR12273917020340224","AR09247356096308314113"
"AR274451777468760064","AR11715328692107345921"
"AR285593128793014272","AR17058361741697613825"
"AR329806346771759104","AR03656553873834770433"
"AR44010358083420160","AR02657334886381125633"
"AR501488215501307904","AR13718439866310590465"
"AR507051813057331200","AR16960063615468044289"
"AR518027619162128384","AR02905297160994029569"
"AR537111705046482944","AR08298586000871915521"
"AR191201807895101440","AR10451641973801484289"
"AR211711891641204736","AR12408420140327108609"
"AR394335000578752512","AR04406487049553575937"
"AR418269238411657216","AR14300127559453507585"
"AR113035292893511680","AR15672157679659253761"
"AR115147832687591424","AR14263034847495716865"
"AR154829722730102784","AR07103642673679958017"
"AR241346788026482688","AR04652693816413782017"
"AR253107507994558464","AR07857873153156972545"
"AR27741365563555840","AR08854979978773659649"
"AR294968183406723072","AR17167352755946258433"
"AR316374369129463808","AR08003371939177431041"
"AR337817732089118720","AR02914807111940571137"
"AR403893845432991744","AR04035700667464024065"
"AR416002079794921472","AR11709834432503349249"
"AR492439853280002048","AR18214022954402971649"
"AR543082259343736832","AR07116162812585443329"
"AR7073192661221376","AR16789640412674392065"
"AR110148559474524160","AR13638835361898561537"
"AR176705399917903872","AR13069861321707618305"
"AR24435546415693824","AR18037391908958896129"
"AR364614445365723136","AR15819369092478926849"
"AR465788309898002432","AR14429164182504996865"
"AR498742872405704704","AR05499370546359435265"
"AR524709523122814976","AR02481958796021202945"
"AR60464343434657792","AR04513082227965296641"
"AR295303568812933120","AR08557060293841125377"
"AR344103914943021056","AR05399428925124247553"
"AR54353498325647360","AR00308499185814994945"
"AR543793574647431168","AR11412596857096896513"
"AR574768397749846016","AR08318623913093365761"
"AR9435149796114432","AR06149518368933150721"
"AR95580133485707264","AR08147487127253286913"
"AR177915790421393408","AR09249525982505730049"
"AR183707330481750016","AR00539679477014200321"
"AR229349329461051392","AR00133696903085817857"
"AR237497913213714432","AR04108123574240280577"
"AR389277934285750272","AR10261135503931736065"
"AR466978668674023424","AR14020181041344413697"
"AR484160702521540608","AR15685752316302983169"
"AR535547374878064640","AR04341101017195085825"
"AR64858782173233152","AR08271807807494291457"
"AR79963563677974528","AR09998466574102560769"
"AR122506142457790464","AR08949127860925235201"
"AR24721694316822528","AR03397262231409262593"
"AR262237234076319744","AR03489902683119157249"
"AR31218914683781120","AR18375161881011683329"
"AR335362144667172864","AR03670148510478499841"
"AR345005995514134528","AR03463743514787971073"
"AR415640065591476224","AR17924801918274633729"
"AR463190163921567744","AR06263233434890534913"
"AR507053462324772864","AR10372768094866112513"
"AR532424109020151808","AR06079574311121715201"
"AR6746843866202112","AR10077988752581459969"
"AR141896476690219008","AR14567065343177523201"
"AR159533880150327296","AR10035965418167861249"
"AR177910808259330048","AR17807708327963000833"
"AR271524877515620352","AR15691016503098867713"
"AR315263312629596160","AR14965936963092217857"
"AR370886472007417856","AR11267721081852526593"
"AR400792226210250752","AR05715904930359803905"
"AR525974923567431680","AR03239358342887374849"
"AR170267278300938240","AR04081727323714355201"
"AR314829142975578112","AR10899186499576659969"
"AR86442985700458496","AR12124165598221434881"
"AR139422335009554432","AR10543402129014390785"
"AR201530723205644288","AR06322684853238104065"
"AR247373967172567040","AR16506168035652927489"
"AR32058288732372992","AR13660409016986107905"
"AR394624412655026176","AR00491367760723443713"
"AR401310955180392448","AR02324332809063235585"
"AR428833277411852288","AR00329373139190415361"
"AR14605912463376384","AR00211300158896340993"
"AR185219227689418752","AR07143549723087994881"
"AR228267410019319808","AR09529247787925897217"
"AR261630372377264128","AR17195218778640613377"
"AR520085836209848320","AR02499973194530684929"
"AR568709435845771264","AR04226505517301760001"
"AR569982292353613824","AR02581037987823353857"
"AR154373253605883904","AR10133574562923675649"
"AR187021567765512192","AR12565518361703743489"
"AR210787855197274112","AR00955238522342604801"
"AR299103927675125760","AR09138279045274796033"
"AR301436953910312960","AR06611759654319947777"
"AR345765070854160384","AR00726909127355269121"
"AR384607793006510080","AR13862555054386446337"
"AR410397319272333312","AR06485658864753573889"
"AR44680063743950848","AR09582446695963164673"
"AR106892802465464320","AR03008879952423550977"
"AR173695830434250752","AR12561014762076372993"
"AR35420938887495680","AR03482748573274079233"
"AR501122215568211968","AR06454133667361980417"
"AR551154409858400256","AR09189869230361673729"
"AR89585011975520256","AR14044908370658328577"
"AR143572407288856576","AR03021411086445314049"
"AR154621056038993920","AR07790986562304475137"
"AR210020602239516672","AR17789693929453518849"
"AR313185132573884416","AR03078830882182660097"
"AR149307013262737408","AR10632033349012553729"
"AR176675850542907392","AR02567527188941242369"
"AR209389688723603456","AR04715744211196968961"
"AR246125712237395968","AR13702783507925827585"
"AR313960185192251392","AR08619502658694152193"
"AR369714426971947008","AR18424701476912758785"
"AR59433104607019008","AR18035140109145210881"
"AR73689028775378944","AR16109851268444323841"
"AR195852879519547392","AR08354652710112329729"
"AR225767601614094336","AR05508880497305976833"
"AR261736166011699200","AR03742966691684941825"
"AR265063700514209792","AR00086043794260099073"
"AR279378242396225536","AR12727639839390826497"
"AR28516950757867520","AR01624023067007123457"
"AR457163122214436864","AR17780686730198777857"
"AR550519149835583488","AR12986409213793140737"
"AR551182979980853248","AR13960789821258465281"
"AR565435330736422912","AR00402286428152659969"
"AR119020243921141760",NULL
"AR129396163353772032","AR18366154681756942337"
"AR236168294418087936","AR18402183478775906305"
"AR444396211667992576","AR01698332460858736641"
"AR492506751690604544","AR06127622694377619457"
"AR533703425158807552","AR06215442887111344129"
"AR66695688146124800","AR13984152244325449729"
"AR149834435246686208","AR11646784037720162305"
"AR180201434577371136","AR12511475166175297537"
"AR210631380948746240","AR05133734551612293121"
"AR241739416756813824","AR03265587330206924801"
"AR425002407101988864","AR06143385293073416193"
"AR466146166573105152","AR09921144793268748289"
"AR516841692792356864","AR13067472082940461057"
"AR548337924924506112","AR13637174137267945473"
"AR556996441554288640","AR10908193698831400961"
"AR67318716102082560","AR06673243794789367809"
"AR123769069001244672","AR02653095581861281793"
"AR152697219928031232","AR05859658516549074945"
"AR285896250404896768","AR03962798648495964161"
"AR318222407657586688","AR04695045629926178817"
"AR322030978497249280","AR17473462290677235713"
"AR457954220830621696","AR01447823717315903489"
"AR150982531544514560","AR09201329440057982977"
"AR243639922605424640","AR04303529605362352129"
"AR293426221427982336","AR03821876579626123265"
"AR411060221704667136","AR13765635715738107905"
"AR530956364076285952","AR15799102894155759617"
"AR56843892162560000","AR07714161898165370881"
"AR1226161623400448","AR06918004428981141505"
"AR180827537729912832","AR14159792629792899073"
"AR222013181722099712","AR10480351734231203841"
"AR226144734102421504","AR11926007214617133057"
"AR323993778551521280","AR08669904684028264449"
"AR48123424924499968","AR15209131342970224641"
"AR486149547257495552","AR08088940332097470465"
"AR69535108205379584","AR12705076761277235201"
"AR124753131908104192","AR05535399343378399233"
"AR146851528920006656","AR16801656562937495553"
"AR209688377929236480","AR03561661622311190529"
"AR243615973867782144","AR10070524168140488705"
"AR244209297829920768","AR15719028760839716865"
"AR323496936734720000","AR11979205985215447041"
"AR347905270237626368","AR15628956768292306945"
"AR431748254535778304","AR13808511858858000385"
"AR476956393098706944","AR15956728881113726977"
"AR538583573158952960","AR03313496212925054977"
"AR157010260446412800","AR18266231065024659457"
"AR206097132434751488","AR12242824480774160385"
"AR463057260453560320","AR10583934525660725249"
"AR547677771271241728","AR01614831836993683457"
"AR125666722991570944","AR11893301141737308161"
"AR151345542180372480","AR09051950065186242561"
"AR278071644625305600","AR07350349993208709121"
"AR300854350186545152","AR10097545765904711681"
"AR318295422101618688","AR11227949272374706177"
"AR372561887209979904","AR15627966108315680769"
"AR432074878208704512","AR17812211927590371329"
"AR441553218195947520","AR09966941376710967297"
"AR480510323917324288","AR17897019733341896705"
"AR506387536235462656","AR02865039779693592577"
"AR558874304335314944","AR08495427581863002113"
"AR111506044017967104","AR14118888735655329793"
"AR117165264725868544","AR08256564178286804993"
"AR299161995632967680","AR03479241818376241153"
"AR391475995468627968","AR10856734630506135553"
"AR463549532425158656","AR07125539585186070529"
"AR50539601726537728","AR15791086354877644801"
"AR513441831040581632","AR05250828141923926017"
"AR553726390894067712","AR15696497568563331073"
"AR99181652541964288","AR17149338357436776449"
"AR193415296600506368","AR09345409443761750017"
"AR316747326909579264","AR01862347709885710337"
"AR331139538980175872","AR00260923592559034369"
"AR37274097016635392","AR16676544234324492289"
"AR152004390163578880","AR07998023914619928577"
"AR246554384333275136","AR18252804103904165889"
"AR25384528029679616","AR09202820652703154177"
"AR288284801977286656","AR09939057349513707521"
"AR399562525533798400","AR00197789360014229505"
"AR40198145111490560","AR06912656404423639041"
"AR484823604953874432","AR16569218430436114433"
"AR526537083246870528","AR16712471189078933505"
"AR558012287219138560","AR02224092532982153217"
"AR572329749678915584","AR02256778814652678145"
"AR78506710771171328","AR07008076421528551425"
"AR118382046140694528","AR00818406499289137153"
"AR178758944041205760","AR18145478300015788033"
"AR190273579563089920","AR03468478286735081473"
"AR324635206147375104","AR04809475378441617409"
"AR364501401826492416","AR07559578672198320129"
"AR371642936007327744","AR00644490148054040577"
"AR426381813158510592","AR12530480224661405697"
"AR446654883429351424","AR16120914554443005953"
"AR457300320649740288","AR08692176391560495105"
"AR539997888709656576","AR12132625240685543425"
"AR101148472685625344","AR00343739632996843521"
"AR137956308052606976","AR10973495893428273153"
"AR219973484573360128","AR07653582380887703553"
"AR225494647852498944","AR02990021128983937025"
"AR279839899840937984","AR09183315041548500993"
"AR328944741972443136","AR14096742235009712129"
"AR346493737825730560","AR00575359453969252353"
"AR380456861733748736","AR07363174284518227969"
"AR400229860372381696","AR14578816098821472257"
"AR436558995864420352","AR01725719371361288193"
"AR530750824121368576","AR07100400213889646593"
"AR553621524972568576","AR08735916063625052161"
"AR162678655204458496","AR02310822010181124097"
"AR20321483142201344","AR15469284727634001921"
"AR228528166073794560","AR04073981264296673281"
"AR259154169112297472","AR17968113880315985921"
"AR31285710015168512","AR07354853592836079617"
"AR315375668974059520","AR17294297970442764289"
"AR420752416703512576","AR08977140118666084353"
"AR445910788935254016","AR10235978265571360769"
"AR471024665305808896","AR04522089427220037633"
"AR490675411995328512","AR10753892222718967809"
"AR533097491172687872","AR17243997787373174785"
"AR571531985273487360","AR13416698691276767233"
"AR174216930226339840","AR07485457982029824001"
"AR179660990252580864","AR17768892268967624705"
"AR204915982068613120","AR12357508353914568705"
"AR212843804502261760","AR15866656888566317057"
"AR300735877808652288","AR16961031598017347585"
"AR314065600869564416","AR10357910119362068481"
"AR548285560683233280","AR15227145741479706625"
"AR142983996769304576","AR15490482762061709313"
"AR20825643583275008","AR10039426680772100097"
"AR522821764737138688","AR14285030989926236161"
"AR554716604194095104","AR07742163160789942273"
"AR99131040647348224","AR11556535161239633921"
"AR159361772220841984","AR08179012324644880385"
"AR176173476808228864","AR13235453820164636673"
"AR210096983937908736","AR00503555022483619841"
"AR320200875752554496","AR07673764741449252865"
"AR345347325155082240","AR15218138542224965633"
"AR444820210839453696","AR04495067829455814657"
"AR569830319230812160","AR04639183017531670529"
"AR111460586084106240","AR15985379130476593153"
"AR260550411440619520","AR14021453176297750529"
"AR285691088407101440","AR04190061792082264065"
"AR378822781296443392","AR00712044142464598017"
"AR395836005749358592","AR16186412462109622273"
"AR453160659371163648","AR12695821072394616833"
"AR455046562330968064","AR10881172101067177985"
"AR45623616519274496","AR12493460767665815553"
"AR521714659607183360","AR00849167536099426305"
"AR527104809203924992","AR06837340545115750401"
"AR555126103555964928","AR03313171582116954113"
"AR96378516366426112","AR08818523471731490817"
"AR105858196383465472","AR02272541413348474881"
"AR298488441681739776","AR14704728184704729089"
"AR308016087893540864","AR01638941240772788225"
"AR330375378398871552","AR01689325261603995649"
"AR355119921941708800","AR10430812138330128385"
"AR376451615751667712","AR18095938704114712577"
"AR502770314778771456","AR15564915713532493825"
"AR514056045723648000","AR04494205400022777857"
"AR528196521171091456","AR04589643421630595073"
"AR553110630022774784","AR08507775097442926593"
"AR87867162496073728","AR01628290271634522113"
"AR163800500662173696","AR00991267319361568769"
"AR377403895900536832","AR06435792988776955905"
"AR455991661294518272","AR11377558720054558721"
"AR48006911051694080","AR06225013723514273793"
"AR507877615009267712","AR12597043559095336961"
"AR66446717481910272","AR10610755187674972161"
"AR129717564346466304","AR14682210186567876609"
"AR278009316059906048","AR11188407535704997889"
"AR293097639249969152","AR06191175840852606977"
"AR496088204659654656","AR10587677538119581697"
"AR518406057320513536","AR00220172118220865537"
"AR153153860850941952","AR17448411017749987329"
"AR312050127336374272","AR04558118224239001601"
"AR353644514776186880","AR16875463205097308161"
"AR367008666294943744","AR13060914320714498049"
"AR464951890786910208","AR07460688184079286273"
"AR539960127357190144","AR17532988750693400577"
"AR169765179444166656","AR11921503614989762561"
"AR179219742492459008","AR15350994731232395265"
"AR326825639468335104","AR10484010908928442369"
"AR348170664856780800","AR11751357489126309889"
"AR436144411261272064","AR12101647600084582401"
"AR444563062557507584","AR13717679279142076417"
"AR72734618322731008","AR11464616538913374209"
"AR127147146678894592","AR01112569702745374721"
"AR189206469168594944","AR08049560361075998721"
"AR365483815465910272","AR16352285061153816577"
"AR36937749537751040","AR16723969469365354497"
"AR456385011579355136","AR00964245721597345793"
"AR65274500647747584","AR09417502222171766785"
"AR187391484708782080","AR10916356473156009985"
"AR275284726246277120","AR09817478164077608961"
"AR317227555792879616","AR03821779685163925505"
"AR418530544221945856","AR11286496067530522625"
"AR437684792692047872","AR14645336964618780673"
"AR455189120885456896","AR16815997355659624449"
"AR530500101110497280","AR16831954018157723649"
"AR117224775792721920","AR04994967388093939713"
"AR24777666330624000","AR06264982483012419585"
"AR2697102022934528","AR09475204592397451265"
"AR332165142810722304","AR07422407587246637057"
"AR333533931708088320","AR05208888370394038273"
"AR557685010711183360","AR05116564578032943105"
"AR100212960089079808","AR03965894873239781377"
"AR182166296215945216","AR10490583926878240769"
"AR379074775617634304","AR07236897573091409921"
"AR45199067591999488","AR18208528694798974977"
"AR463533589506555904","AR12349345579589959681"
"AR527918447808479232","AR00367528254258544641"
"AR542723921632296960","AR15812613693037871105"
"AR119780728010440704","AR09782293791988776961"
"AR277117990086901760","AR10126819163482619905"
"AR362503520479346688","AR09158530537629941761"
"AR379670367322505216","AR13979648644698079233"
"AR41640360769748992","AR12209733991141474305"
"AR443060098881814528","AR16956527998389977089"
"AR445510034126798848","AR12996654119543373825"
"AR503226990061420544","AR16179657062668566529"
"AR515117692919742464","AR16172901663227510785"
"AR519083768800083968","AR00166076833329053697"
"AR525504985425772544","AR10143572422155042817"
"AR6064562541428736","AR08061918734333247489"
"AR100442895458238464","AR01536730639854731265"
"AR226945693963517952","AR08872931979998265345"
"AR260324977197187072","AR14838087125403959297"
"AR335268754898288640","AR11549956645731696641"
"AR521983490200174592","AR17140014498833235969"
"AR570855923061358592","AR07746666760417312769"
"AR68326401329070080","AR02228894787455418369"
"AR169450581679669248","AR05528249081824018433"
"AR174672643436314624","AR09116365778533220353"
"AR176382212218814464","AR11079330484671479809"
"AR237876523170791424","AR03324131926339485697"
"AR356641096278736896","AR13259072704318799873"
"AR394698835848331264","AR02890625277832986625"
"AR403116834309537792","AR01828936850052481025"
"AR409428443369832448","AR06093845697172340737"
"AR423241058193768448","AR15897319656524873729"
"AR71361912415191040","AR12642079555369041921"
"AR99972476280242176","AR10601948924170207233"
"AR11132211633848320","AR16140532040905785345"
"AR240543663501869056","AR17366355564480692225"
"AR253414065580277760","AR04638021933252739073"
"AR381367360440762368","AR01764143454461362177"
"AR484597861472796672","AR13277087102828281857"
"AR98010741377859584","AR06821405323094392833"
"AR273832752422322176","AR00874173729049935873"
"AR313802061676281856","AR06179414090092380161"
"AR335304866983313408","AR04390640613096161281"
"AR379476990714970112","AR08877070266887307265"
"AR77396822502408192","AR13272583503200911361"
"AR126183562176102400","AR17037592791682646017"
"AR147669256333426688","AR14131145816403869697"
"AR184313333187346432","AR04454535432809480193"
"AR200418086157811712","AR03891585479388168193"
"AR31798288592142336","AR09660696602049773569"
"AR364305276439887872","AR10822476871841611777"
"AR408038523233370112","AR06165903291210268673"
"AR448308617637003264","AR05517384944868917249"
"AR538188058210598912","AR10011114943551635457"
"AR558713913076613120","AR03586701075488440321"
"AR150995553885356032","AR13020381924068163585"
"AR182710451392479232","AR03171009539008888833"
"AR225174689968816128","AR05183256143010463745"
"AR226887316768030720","AR02815225168446619649"
"AR248722380745080832","AR00504878559605555201"
"AR470940827544190976","AR12141335571800784897"
"AR490367033343475712","AR15031927451968077825"
"AR506823286437445632","AR02236512616329510913"
"AR557983425038909440","AR01515480928380518401"
"AR558175667775078400","AR10525387730504908801"
"AR69224908487393280","AR08647227943900151809"
"AR77669157788712960","AR11096500458250829825"
"AR95899163656454144","AR09480552616954953729"
"AR313416992088391680","AR04804847946317168641"
"AR403378208839303168","AR06732596257090437121"
"AR453199382796304384","AR03607858702863826945"
"AR495860605752705024","AR15217377955056451585"
"AR78924937506586624","AR11462136452997971969"
"AR180885811846184960","AR01265986896631169025"
"AR287594892790595584","AR07165702408486518785"
"AR405911586708914176","AR02875400615201079297"
"AR430126852841930752","AR17703364949364965377"
"AR44195557073223680","AR00982260120106827777"
"AR470377156036263936","AR02560771789500186625"
"AR512934200265932800","AR16166649015478255617"
"AR515840381296836608","AR13077636105866575873"
"AR535478380523421696","AR16816916409941491713"
"AR543239042829910016","AR17563784559558918145"
"AR55909547797118976","AR12088136801202470913"
"AR367015675681570816","AR08741962278066192385"
"AR369313792422576128","AR17663593139887144961"
"AR422239334381387776","AR03746625866382180353"
"AR428866365839900672","AR07998868339550060545"
"AR503053404663185408","AR02906001810508480513"
"AR503769358531559424","AR01352909475559768065"
"AR537495846921437184","AR13301233752563777537"
"AR149007671222075392","AR14430008607435128833"
"AR152863246183825408","AR13299605100965134337"
"AR157182608894066688","AR06710838846122098689"
"AR187439588342497280","AR17645578741377662977"
"AR237026600682520576","AR15060512555266998273"
"AR272940120779259904","AR06784387652805197825"
"AR291440675226910720","AR15447822123220860929"
"AR380562071252631552","AR11565719244427493377"
"AR4048058216087552","AR15580055164013248513"
"AR440251533867614208","AR12691619151270117377"
"AR446951476690944000","AR07017083620783292417"
"AR476700962803679232","AR01909157218415017985"
"AR522894779181170688","AR17836981725540909057"
"AR529355681304674304","AR11567347896026136577"
"AR88282949690064896","AR09588639008011845633"
"AR172662701821001728","AR07416154939497381889"
"AR181544213152792576","AR00409440537997737985"
"AR453639977721397248","AR07676860966193070081"
"AR457917249752137728","AR05309458774841360385"
"AR47383762836652032","AR16521930634348724225"
"AR47733098296639488","AR08160153501205266433"
"AR509742799046836224","AR12681767527085244417"
"AR564955737508282368","AR03483745418003611649"
"AR5984573070508032","AR10454319284615118849"
"AR62627563842830336","AR00138337941666660353"
"AR62785000164032512","AR04904895395546529793"
"AR338146005029486592","AR14572374747389100033"
"AR467180772655104000","AR06413601270715645953"
"AR216011600581099520","AR17415134573213253633"
"AR560940252324167680","AR00000475401340059649"
"AR566829717638873088","AR04058746431182209025"
"AR63424984650874880","AR03279095930065780737"
"AR71006941958111232","AR14060713437990748161"
"AR92514042232438784","AR02980966238412341249"
"AR110003939335733248","AR13720068517909233665"
"AR115381994304569344","AR13632871473390551041"
"AR182759998135205888","AR03582965347294117889"
"AR22700998103400448","AR08113086981832966145"
"AR256896356344397824","AR08079088707912597505"
"AR293179518506500096","AR01798502368195641345"
"AR358979551352586240","AR17923957493344501761"
"AR496473514765713408","AR13902785772529909761"
"AR520967644535324672","AR04418506635790516225"
"AR52536314842578944","AR03773629459643498497"
"AR547126881585987584","AR12484453568411074561"
"AR15360383598460928","AR14659692188431024129"
"AR172802889553543168","AR00464346162959220737"
"AR173485342677008384","AR01765886455269294081"
"AR17716843175215104","AR13047403521832386561"
"AR246629151123963904","AR06374212778479058945"
"AR293650865397432320","AR14929147578904739841"
"AR317169522194776064","AR03521445885013655553"
"AR394156089421070336","AR07458172089158074369"
"AR41152761722568704","AR02009446147885629441"
"AR460413141147189248","AR05805562132145635329"
"AR572860023521148928","AR06199680288415547393"
"AR93263256327553024","AR04621168619022188545"
"AR196524509325426688","AR00233818157033193473"
"AR270072044698206208","AR13893319664609525761"
"AR315647523224027136","AR03774491889076535297"
"AR332372366392819712","AR05058017782877126657"
"AR498575265601945600","AR18149981899643158529"
"AR50173464354488320","AR03422366693211504641"
"AR566741859787866112","AR05213538205067902977"
"AR334792288406339584","AR16141376465835917313"
"AR340482673396940800","AR06126999546162577409"
"AR355849276108046336","AR08210537522036473857"
"AR388463677205905408","AR09523261909185331201"
"AR427601721309528064","AR12028727576613617665"
"AR1128098930098176","AR11696323633621237761"
"AR126368348849045504","AR15176445061299699713"
"AR151410791323533312","AR12813216341209120769"
"AR205715670619389952","AR10790255683589636097"
"AR251767512557944832","AR00528668692695744513"
"AR392734798843478016","AR11100971072529367041"
"AR50593924472897536","AR08021386337686913025"
"AR545107731560792064","AR12822656473167298561"
"AR553323969638301696","AR00970021456178053121"
"AR55762969153241088","AR16562339473375887361"
"AR217858127280734208","AR02950333157267734529"
"AR230475229367894016","AR12988012301746438145"
"AR274194251229691904","AR01972916798198120449"
"AR572103765679669248","AR12228276155232288769"
"AR98209684263010304","AR04444767646386225153"
"AR155549456169697280","AR02454499730068078593"
"AR185991222291070976","AR05562420941142622209"
"AR214800866480226304","AR06935402688662208513"
"AR287912101895208960","AR00615216750476132353"
"AR290982488115773440","AR05292204963500392449"
"AR363024311033790464","AR04287902246596771841"
"AR38337668358078464","AR05652492933690032129"
"AR441112520191639552","AR08453045394341888001"
"AR456386317249413120","AR00203137384571731969"
"AR487425255623622656","AR05046135635593658369"
"AR56264209016553472","AR08709592655744466945"
"AR97387764961509376","AR14352270798889156609"
"AR126043958559113216","AR07796206356318388225"
"AR194630703625797632","AR06743041617554309121"
"AR413848170875846656","AR08675847544376393729"
"AR424466463902924800","AR15510028093073915905"
"AR428039911052935168","AR17859198045174890497"
"AR428326814868307968","AR02952327671360520193"
"AR547235114761846784","AR13159993512516648961"
"AR566580575175966720","AR09453531019190730753"
"AR82772128692174848","AR01238965298866946049"
"AR290599651910877184","AR02923739544404623361"
"AR417418594368880640","AR04004175470072430593"
"AR538224823130652672","AR02999872753168809985"
"AR98654024399585280","AR17668096739514515457"
"AR121262938404159488","AR08129472728743804929"
"AR165813912611061760","AR11804410024678129665"
"AR211362899778600960","AR10711663966825742337"
"AR43526504247721984","AR13150141888331776001"
"AR464871763877036032","AR15799653612042321921"
"AR516278880277889024","AR03161820782896611329"
"AR533648861894279168","AR08660897484773523457"
"AR557345605215584256","AR12633072356114300929"
"AR574322751943213056","AR16235952058010697729"
"AR132485309991485440","AR07818724354455240705"
"AR15538745000329216","AR17479936215141580801"
"AR28875271289438208","AR12035023105316356097"
"AR324020819665616896","AR18430858742028304385"
"AR194100086186180608","AR05691701793214431233"
"AR3317226581000192","AR16503916235839242241"
"AR356167000608735232","AR15875664087821058049"
"AR417567749993136128","AR05056891745531330561"
"AR42477913752207360","AR05012981786603421697"
"AR120814887415840768","AR18050058282910875649"
"AR155836944100622336","AR05945226909469114369"
"AR157589806153465856","AR10785835921723883521"
"AR34091663689252864","AR16490770749695459329"
"AR385021690414891008","AR09794942161437851649"
"AR38679101078241280","AR09187818641175871489"
"AR441827202749693952","AR03958277044365688833"
"AR85737442832809984","AR00531900157369778177"
"AR322809260931022848","AR09354451827388579841"
"AR361621368556486656","AR16346978543160262657"
"AR387361416799059968","AR02550954387614728193"
"AR392941816267145216","AR15087534153031221249"
"AR395176608010338304","AR11318021264922116097"
"AR478461555797655552","AR01852879402942070785"
"AR123179627689541632","AR01545536628481589249"
"AR317552495838625792","AR10219142955843715073"
"AR519414446922137600","AR09055465203860242433"
"AR103361033678094336","AR10454320796443607041"
"AR144798740710948864","AR08224048320918585345"
"AR197804547018588160","AR01008437292940918785"
"AR374363918048428032","AR01242624473564184577"
"AR481561147795832832","AR00856159330540453889"
"AR564693778862964736","AR07727807936977698817"
"AR129592288740376576","AR16185550032676585473"
"AR157406015912935424","AR09335053830934495233"
"AR211335034030784512","AR02632829383538114561"
"AR348847482983153664","AR05554244560361619457"
"AR36908990436737024","AR12397632419430137857"
"AR419383833964576768","AR15357750130673451009"
"AR475282180486987776","AR07931314345139503105"
"AR524572049809604608","AR05906083883203428353"
"AR538450188654608384","AR16046789603666952193"
"AR83189805671776256","AR04413802100413169665"
"AR86296166538412032","AR11684304047384297473"
"AR103261562235518976","AR14077566752221298689"
"AR339968067595403264","AR18370658281384312833"
"AR436823256612208640","AR00757080138738302977"
"AR449925896162246656","AR03063082577138024449"
"AR79687586259402752","AR03783499088331276289"
"AR156623232353435648","AR15627121683385548801"
"AR158908704710721536","AR04711240611569598465"
"AR277745227110809600","AR05414167466177724417"
"AR445004791353966592","AR00468005337656459265"
"AR478907476482195456","AR12552007562821632001"
"AR529966820791156736","AR08684294542456782849"
"AR71526461202235392","AR07728652361907830785"
"AR7336834933719040","AR02292807611671642113"
"AR89173519748825088","AR08588079303567081473"
"AR103264242295111680","AR07532745778117214209"
"AR22354480141959168","AR12720892548848025601"
"AR360049616684580864","AR03293879963412856833"
"AR369723119985754112","AR03182758920263303169"
"AR413897099143282688","AR07340363129093619713"
"AR414092812213026816","AR06505741444634902529"
"AR453294284393676800","AR02909800760621400065"
"AR524239481901940736","AR02608059585587576833"
"AR10924747533582336","AR15983750478877949953"
"AR17992992392478720","AR00345000772833902593"
"AR192389280453099520","AR11259474469766299649"
"AR20815095143596032","AR07054605554592776193"
"AR350857939994542080","AR05834128131430023169"
"AR406403961759727616","AR05162989944687296513"
"AR439641167475245056","AR13119461115870314497"
"AR186453704369504256","AR00130507907048407041"
"AR338782656621707264","AR04706737011942227969"
"AR351205591827349504","AR15555908514277752833"
"AR40926846442799104","AR05864162116176445441"
"AR474823477979774976","AR17870758722746187777"
"AR507905824354467840","AR13578828277862105089"
"AR76535286422568960","AR03639383900255420417"
"AR168848908301107200","AR16762010784980008961"
"AR233308499033980928","AR09147151279477227521"
"AR250391370676568064","AR13576593657917603841"
"AR266454204766224384","AR15401941702017024001"
"AR347222473516777472","AR12591695534537834497"
"AR397414973166321664","AR11660294836602273793"
"AR422757479235977216","AR03148994292563836929"
"AR482503669779005440","AR09888399550287183873"
"AR483730827834818560","AR13861393970107514881"
"AR502953246025842688","AR08575128156103507969"
"AR95461901625982976","AR14366197625483427841"
"AR278888925362126848","AR05283197764245651457"
"AR289969769187115008","AR08364211314448400385"
"AR311843487869829120","AR00191255237288263681"
"AR344081993429942272","AR10311483928073994241"
"AR398853443613097984","AR03380929673373417473"
"AR432634048590905344","AR06130865154167930881"
"AR536652143545810944","AR09016286168588746753"
"AR573041717817638912","AR11235779856748773377"
"AR67618899956334592","AR00290957577305456641"
"AR107930363484962816","AR10979490705700814849"
"AR2615463284572160","AR06557716458791501825"
"AR27211847635566592","AR10950781495026909185"
"AR279243620941299712","AR05835816981290287105"
"AR338942291966164992","AR00414052302081490945"
"AR463205763242786816","AR03165643509948481537"
"AR72221352550989824","AR06350550875932459009"
"AR150748782244397056","AR13731647474861342721"
"AR185267949798424576","AR11814492546304835585"
"AR22352109320011776","AR00243669781218066433"
"AR22802943447138304","AR10821861282769010689"
"AR26169922929295360","AR12989354668004999169"
"AR284490215551139840","AR01072708420508844033"
"AR403197133018103808","AR00785001411891953665"
"AR428685152579747840","AR10471344534976462849"
"AR430105103127543808","AR00405739169541783553"
"AR484289379741728768","AR11197414734959738881"
"AR486118073737150464","AR02247771615397937153"
"AR132193046056927232","AR13096943117733462017"
"AR264669216358006784","AR13242048965785944065"
"AR31259802772439040","AR07679112766006755329"
"AR319449290835492864","AR01810922451542999041"
"AR470118186688184320","AR05890339289010536449"
"AR48624596068335616","AR02299509822237704193"
"AR530081908734820352","AR02360361606082199553"
"AR546965596974088192","AR16861952406215196673"
"AR71819240532869120","AR01559095805875322881"
"AR71939499617157120","AR03353405323917393921"
"AR159872495371943936","AR04036703009751695361"
"AR273707476816232448","AR10752555216579592193"
"AR327761839259648000","AR03076433946834108417"
"AR374982118461145088","AR05935357280781336577"
"AR418547724091129856","AR16212804726905896961"
"AR457312552716599296","AR15541236631116709889"
"AR514833263005532160","AR11663936006796607489"
"AR525544705283325952","AR17932946688096337921"
"AR92363958895247360","AR15371260929555562497"
"AR96791314263179264","AR13138442672295378945"
"AR99619670486679552","AR09030192654217904129"
"AR111616510576820224","AR16105347668816953345"
"AR153298240471564288","AR08319105086869471233"
"AR274592033920778240","AR03860060281996574721"
"AR292708171615567872","AR18262571890327420929"
"AR36831440507240448","AR17178833031729774593"
"AR386597874693046272","AR00337697816602214401"
"AR164409389585793024","AR10255344376188239873"
"AR267427650513928192","AR04879454483186188289"
"AR312778416350822400","AR05274190564990910465"
"AR348815665865424896","AR14068876212315357185"
"AR364469790867193856","AR15381259063664836609"
"AR385213520834199552","AR05889683842641428481"
"AR428375674416267264","AR15013977787205681153"
"AR75512637529522176","AR01538982439668416513"
"AR119350612805550080","AR17339333966716469249"
"AR30276083462963200","AR05246313134863417345"
"AR317419317492711424","AR16375362710709207041"
"AR350606839026548736","AR14187804887533748225"
"AR396759080120614912","AR13261324504132485121"
"AR398319561998336000","AR13182511510653501441"
"AR406661625437749248","AR09510393087654887425"
"AR465386713275957248","AR04808433316296392705"
"AR554855795494223872","AR07617738989016973313"
"AR572720591702851584","AR16388313858172780545"
"AR240720822312894464","AR00662504546563522561"
"AR24733720225251328","AR11884612388537761793"
"AR27609218009792512","AR11826928022814982145"
"AR363056368669687808","AR10258140571696627713"
"AR450126797552484352","AR09295060607302631425"
"AR276247279956918272","AR00730058540974080001"
"AR380952672758398976","AR12142179996730916865"
"AR405987178133323776","AR02764823143112507393"
"AR433018396624289792","AR12376367177354182657"
"AR435600256084738048","AR07593544373086715905"
"AR502184446879858688","AR10108804764973137921"
"AR530571535006564352","AR16951179973832474625"
"AR545372610783870976","AR12546641533761224705"
"AR6727705491931136","AR06778392840532656129"
"AR87827202120351744","AR14645318960115875841"
"AR114816158133125120","AR17402384361499656193"
"AR122339016690368512","AR00162604987925397505"
"AR220015884490506240","AR05929464310773317633"
"AR27440855291789312","AR17857247923864076289"
"AR299865408196837376","AR00823873545980346369"
"AR459467286269394944","AR16484640697492701185"
"AR60539453822730240","AR14794817357121323009"
"AR184325805772374016","AR10133725470894587905"
"AR419198428816343040","AR11187416875728371713"
"AR508620816150167552","AR09638178603912921089"
"AR520439466637131776","AR13385173493885173761"
"AR543125346455650304","AR04999206692613783553"
"AR564867501700153344","AR12789853918142136321"
"AR122406361777569792","AR18378299474880495617"
"AR215765413055692800","AR10169603359942639617"
"AR256918209137999872","AR03101203744784646145"
"AR259634002858606592","AR13123102286064648193"
"AR348603803718647808","AR14005807813029265409"
"AR390478085587206144","AR00535643169828634625"
"AR399010124020056064","AR10155331973892014081"
"AR419234781419536384","AR12912453450368811009"
"AR46158391487234048","AR01869469246698815489"
"AR464783356270215168","AR08340297486300086273"
"AR74273144327634944","AR17249528743177748481"
"AR147326998979543040","AR01792908053033517057"
"AR165503781612552192","AR06895486430844289025"
"AR179564954783842304","AR14236353823458197505"
"AR453033356540510208","AR00558077330203869185"
"AR170068335415787520",NULL
"AR228446699134124032","AR10944222495850364929"
"AR272177609465397248","AR14726485595673067521"
"AR293370902249209856","AR18140974700388417537"
"AR356229672771518464","AR14897538543751528449"
"AR371789067974606848","AR05298337214726406145"
"AR63936910392819712","AR10652728906626367489"
"AR271344076572327936","AR17927556469780119553"
"AR352438384880254976","AR04313762760082063361"
"AR408516982590144512","AR04831858823843020801"
"AR560853219106881536","AR02323409906490671105"
"AR194787693270401024","AR00581439753270853633"
"AR336698497971519488","AR12831230739718602753"
"AR448634038719086592","AR17001080346986414081"
"AR46373655248109568","AR08695039794717130753"
"AR236479146971103232","AR01299763893836447745"
"AR27531049605005312","AR00231149917190488065"
"AR279496268097519616","AR06908997229726400513"
"AR323371351890984960","AR00160283506562301953"
"AR39007580177039360","AR14267879020849790977"
"AR408411395114139648","AR15803606493783130113"
"AR441772021009874944","AR04283398646969401345"
"AR528774039653580800","AR11288124719129165825"
"AR544734378643685376","AR04265384248459919361"
"AR555516189665656832","AR08968704253140926465"
"AR106535323747483648","AR01379567547292057601"
"AR130079063153836032","AR00972091836573155329"
"AR243570412854706176","AR13276242677898149889"
"AR244368039821180928","AR08735709630316937217"
"AR279955176763162624","AR07345846393581338625"
"AR516998957314867200","AR12931171536320069633"
"AR8973045674803200","AR14770861197775339521"
"AR91996412773924864","AR13382094449010540545"
"AR97624228680957952","AR05521005636659183617"
"AR124709495040376832","AR09632812574852513793"
"AR179905425431330816","AR12155690795613028353"
"AR204534863850635264","AR12727647948289081345"
"AR246946394588315648","AR15098446118742130689"
"AR38644810059350016","AR15333243803196719105"
"AR387850046638391296","AR16997060395036311553"
"AR401524810191994880","AR15847780060623798273"
"AR459940316787507200","AR00399043968362348545"
"AR127647836786393088","AR02986361954286698497"
"AR133352309269725184","AR01397533567289917441"
"AR161642606013448192","AR10907433111662886913"
"AR17743712490618880","AR03284946706315083777"
"AR199613690322878464","AR15453678946784116737"
"AR229234705373855744","AR18196008555893489665"
"AR279441395595345920","AR12600386074443776001"
"AR356017948063694848","AR12876266735992307713"
"AR383485569591672832","AR09325543742549000193"
"AR148796461910327296","AR06215237003559043073"
"AR200435712703594496","AR15927646798559051777"
"AR21394297253265408","AR14467028064430718977"
"AR311048334804516864","AR03841218638426144769"
"AR37329965951221760","AR07787096765043310593"
"AR437835460144791552","AR03065694604448759809"
"AR441018511947464704","AR15389275328065044481"
"AR477376269101563904","AR06804552008863842305"
"AR105165229180059648","AR09754389286387449857"
"AR175451750503809024","AR17100643186465832961"
"AR269513080474435584","AR05176997035630395393"
"AR276411828743962624","AR03715945093920718849"
"AR294429835025973248","AR11678309235111755777"
"AR326001796021485568","AR03435695935236079617"
"AR33697076453834752","AR17473597530607452161"
"AR373785506212741120","AR04981456589211828225"
"AR412893176307646464","AR01371821487874375681"
"AR480056328694267904","AR11799062000120627201"
"AR507128503993368576","AR16752194345167224833"
"AR549115142206390272","AR11516179648526417921"
"AR62180887244046336","AR09223003013264703489"
"AR91785993736159232","AR05427312952321507329"
"AR110133406829903872","AR01396591285824913409"
"AR122166943120621568","AR01873128421396054017"
"AR209724627453214720","AR15293855310960132097"
"AR305091180805226496","AR15019980158620663809"
"AR451921200529014784","AR03468247114415341569"
"AR495936437695283200","AR17280787171560652801"
"AR503090822418268160","AR07458436384265601025"
"AR512670214396051456","AR04012021585048240129"
"AR555467708074819584","AR12536811899808907265"
"AR124024842893656064","AR02756678373290803201"
"AR133630039034953728","AR12074626002320359425"
"AR242125929453715456","AR10706885901608288257"
"AR275943505510006784","AR15495109919308251137"
"AR377416162327134208","AR07007231996598419457"
"AR393909970615140352","AR16479146437888704513"
"AR520661877223587840","AR13836355066686078977"
"AR57353928118894592","AR11928259014430818305"
"AR84658753206484992","AR02228008168766570497"
"AR97685492094468096","AR08217795673169330177"
"AR110089185846624256","AR06035298902016524289"
"AR171786528492617728","AR14216839278771568641"
"AR298045097977577472","AR12939317130775494657"
"AR306736874834100224","AR05607456937416327169"
"AR450262655957991424","AR12738748205366247425"
"AR452055821983940608","AR02845905940908081153"
"AR456669441493565440","AR07098148414075961345"
"AR535263357280714752","AR01130016478377017345"
"AR549570340020289536","AR02726644388544380929"
"AR144635600673177600","AR11047805287279886337"
"AR326529595962556416","AR15186613344833372161"
"AR331016771634987008","AR09637334178982789121"
"AR337648166780272640","AR11516044408596201473"
"AR388431963167391744","AR03797656674928427009"
"AR4477692384641024","AR01651547416463147009"
"AR520054775006363648","AR03461994466666086401"
"AR543059788074844160","AR07018074280759918593"
"AR573506055321944064","AR13299540229779095553"
"AR116067952121348096","AR10155230131627491329"
"AR164969006644592640","AR12232251989278326785"
"AR210958348219056128","AR02930365613790461953"
"AR21934054383288320","AR04359413520794648577"
"AR23854798117797888","AR09210336639312723969"
"AR268264928618479616","AR02301814810926383105"
"AR287959690132848640","AR09309415831114874881"
"AR324942725805768704","AR02054116831421005825"
"AR427022690998550528","AR14218339424948715521"
"AR528291628926894080","AR15546901315023011841"
"AR574953184422789120","AR12308813182943625217"
"AR111589057145864192","AR16276484454657032193"
"AR247462701196902400","AR04967794057725083649"
"AR276525456398745600","AR09566121009874993153"
"AR329199828670087168","AR15289087416225234945"
"AR409208781562445824","AR07224776969223667713"
"AR427727168714309632","AR17797940541539745793"
"AR455749871815622656","AR14884111582631034881"
"AR548555353348898816","AR06715342445749469185"
"AR85773005162020864","AR12000316608468746241"
"AR111151382798532608","AR01094089523622576129"
"AR213269109343780864","AR00054957989202755585"
"AR215868560990273536","AR12524369826228994049"
"AR259081944942247936","AR10507373331995426817"
"AR27152783245312000","AR09048207052727386113"
"AR447214156890767360","AR18269327289768476673"
"AR453171207810842624","AR03608579570174787585"
"AR572113970521964544","AR08602350689617707009"
"AR109184597014609920","AR11336035663431598081"
"AR284465579618729984","AR16848441607333085185"
"AR287099184845160448","AR03604357445524127745"
"AR297037292491505664","AR00270206769232347137"
"AR384723516605333504","AR02838733826560098305"
"AR484300031260622848","AR11975546810518208513"
"AR104766140818915328","AR11939675930856783873"
"AR138947139827924992","AR11511676048899047425"
"AR244559354844413952","AR16285491653911773185"
"AR253804564006830080","AR13477497286246268929"
"AR257833277690216448","AR00179774961504747521"
"AR275730543851601920","AR17687383272977334273"
"AR282266625082654720","AR12879925910689546241"
"AR325560342102933504","AR13657641271341088769"
"AR348804120993333248","AR04800450174683971585"
"AR41104039613562880","AR09684705812831797249"
"AR564477656108630016","AR15204627743342854145"
"AR567628822074097664","AR07016323033614778369"
"AR13000625486823424","AR00473718674952290305"
"AR273303406293024768","AR04387972098375548929"
"AR314368172725633024","AR04868866598527565825"
"AR346486934597533696","AR12967180542129733633"
"AR441515834800603136","AR04040204267091394561"
"AR460732136958197760","AR14038195439853895681"
"AR49244273949802496","AR17661045434006634497"
"AR499444154665795584","AR14262512991789383681"
"AR553973196894765056","AR17437568733588488193"
"AR101638236396322816","AR06142540868143284225"
"AR132923740253061120","AR16375563646459183105"
"AR160024399775268864","AR17558849264178692097"
"AR183859784640888832","AR01418246854528729089"
"AR198778405083152384","AR02874137276340764673"
"AR236735986015404032","AR09943578953643982849"
"AR317506522508689408","AR07755673959672053761"
"AR390131327107596288","AR00099554593142210561"
"AR532680638826807296","AR18246327705538658305"
"AR169110007952965632","AR11567971044241178625"
"AR188896681767469056","AR04852992536840503297"
"AR19428782779662336","AR06922508028608512001"
"AR200950662102515712","AR13371662695003062273"
"AR27032936477884416","AR12479949968783704065"
"AR319421322008461312","AR01215602875799961601"
"AR334288127965265920","AR16466642929096589313"
"AR41417091189833728","AR14128267432401305601"
"AR46286862548992000","AR01756879256014553089"
"AR149173766197346304","AR13161558804757741569"
"AR326538770012700672","AR05071216457895903233"
"AR353803566005092352","AR12422050236220833793"
"AR359804975347400704","AR16385658262713794561"
"AR450909031356170240","AR09845344186771963905"
"AR6018761010184192","AR03905096278270279681"
"AR146484463835021312","AR06055565100339691521"
"AR152021157715902464","AR15348742931418710017"
"AR156682812139765760","AR11962036011636097025"
"AR173784134961856512","AR08165501525762768897"
"AR184161497503498240","AR11339778675890454529"
"AR233353544650981376","AR07592154178072346625"
"AR410581693628416000","AR10079531367395229697"
"AR461926206585962496","AR04999470987721310209"
"AR58152929474904064","AR00199907156848279553"
"AR193317611864326144","AR14743536547118710785"
"AR2768398480048128","AR13242711971297492993"
"AR374590417443749888","AR06526191261399908353"
"AR395502510128758784","AR06215143407631728641"
"AR435777689773670400","AR03080093121531346945"
"AR46237144007573504","AR11597965309130047489"
"AR50281422652440576","AR15350371583017353217"
"AR17476599884546048","AR02689124378880245761"
"AR26598766823866368","AR01675814462721884161"
"AR285394323346817024","AR11196424074983112705"
"AR364855925606973440","AR18297738257913348097"
"AR383612013428867072","AR03197270549604597761"
"AR428971953315905536","AR05472481989502173185"
"AR454049305284575232","AR14578627395138355201"
"AR484106104897273856","AR16411592443478147073"
"AR511363169948532736","AR13315367699660931073"
"AR513695234111045632","AR07572815692685115393"
"AR535047028367949824","AR12547503963194261505"
"AR53533468809756672","AR00375699000042455041"
"AR568070275992649728","AR03935595493874204673"
"AR68803589375524864","AR00972408495921954817"
"AR102917793053147136","AR14406628179865239553"
"AR170285111005151232","AR14583130994765725697"
"AR204343170870280192","AR06066824099408117761"
"AR254851883192025088","AR18247312043323424769"
"AR43216888645287936","AR16402566140208873473"
"AR515532621120274432","AR05975889677427671041"
"AR88202822780190720","AR14789452152694636545"
"AR127409689439764480","AR08575329091853484033"
"AR241434680237228032","AR13691418268546367489"
"AR292677144771821568","AR14388613781355757569"
"AR373474756738940928","AR04080736663737729025"
"AR140711855990505472","AR07489099152224157697"
"AR174788813711736832","AR07362111743968935937"
"AR178694072855166976","AR08548307494089261057"
"AR222069875290406912","AR16866456005842567169"
"AR283927231237980160","AR00135583390161174529"
"AR285571207279935488","AR09412136193111359489"
"AR395772302794424320","AR08894324078228275201"
"AR490384385011351552","AR02040606032538894337"
"AR505771156888879104","AR10556068502966370305"
"AR52658188834570240","AR00949974335546720257"
"AR543884902832013312","AR08247069070747238401"
"AR558343755615174656","AR15673002104589385729"
"AR68662302131355648","AR16203582435688972289"
"AR125556325152194560","AR09813818989380370433"
"AR195870334266638336","AR12901036533942845441"
"AR245437624116838400","AR17946471093434843137"
"AR378508217891684352","AR13586855812256497665"
"AR523752363891097600","AR03634880300628049921"
"AR527033100429950976","AR04863518573970063361"
"AR74770295382081536","AR17582528346594476033"
"AR112561850058539008","AR00861389569914830849"
"AR16026481486462976","AR08999658116802936833"
"AR200388880380198912","AR12241259188533067777"
"AR202371746521677824","AR17768165079464804353"
"AR203952294486605824","AR00624451136320962561"
"AR29580642358394880","AR02178468572865495041"
"AR302015503184953344","AR06286656056219140097"
"AR309309766402834432","AR16082069083511586817"
"AR45303555556376576","AR06104344109072252929"
"AR511110454072836096","AR02566840681368649729"
"AR68350762383572992","AR01311022892904873985"
"AR188519755437572096","AR08250260678124765185"
"AR199606028101222400","AR02143344399038283777"
"AR216489716340490240","AR17095295161908330497"
"AR315717479651344384","AR07101891426534817793"
"AR371295662131642368","AR03320618986688741377"
"AR383768934353993728","AR06397838672019849217"
"AR444139922379505664","AR13772483061839036417"
"AR276419456605880320","AR11472956334610055169"
"AR309151093131051008","AR03851053082741833729"
"AR316425633859108864","AR01306519293277503489"
"AR341839505105354752","AR13758972262956924929"
"AR420840549432426496","AR16882482075012169729"
"AR83300512748797952","AR11653955327434424321"
"AR169882998987030528","AR16609750827082448897"
"AR193702544013262848","AR02954836756895105025"
"AR278992142016184320","AR08940120661670494209"
"AR288394134664773632","AR02675613579998134273"
"AR308824984854200320","AR16826914269172858881"
"AR33096399507685376","AR05243656027575943169"
"AR382644786793807872","AR12239795601117544449"
"AR392694907187232768","AR02182154548158660609"
"AR448155132685713408","AR13325866111560843265"
"AR466124760456101888","AR03211541935655223297"
"AR485896728302583808","AR12375522752424050689"
"AR499699275723177984","AR14512727066215972865"
"AR51915262571577344","AR17224492176218521601"
"AR522032109229965312","AR06755874842395803649"
"AR14237507348594688","AR00023984059453538305"
"AR257323104294928384","AR17887928696325537793"
"AR362715623144292352","AR11977435359177867265"
"AR459469622731603968","AR17906787519765151745"
"AR573617724471640064","AR10883423900880863233"
"AR74793934882078720","AR01189425702965870593"
"AR102122639987834880","AR07654845719748018177"
"AR400910114472591360","AR15159591747069149185"
"AR419626413717454848","AR17311467944022114305"
"AR466141184411041792","AR08557314693344002049"
"AR479991526227705856","AR10001221125608046593"
"AR55067047012335616","AR12659231524445487105"
"AR64415369749594112","AR07152191609604407297"
"AR82315659567955968","AR11471143652252712961"
"AR106946231858626560","AR04355456241007329281"
"AR119459052139839488","AR01067828513026867201"
"AR121644949975334912","AR09956185129334341633"
"AR13186786549301248","AR12529489564684779521"
"AR212456364092424192","AR02000073635892559873"
"AR220015987569721344","AR00905698926441529345"
"AR229847339508957184","AR08341141911230218241"
"AR321360413843259392","AR01955402952357183489"
"AR323175226504380416","AR17800952928521945089"
"AR325000999922040832","AR04215844652558843905"
"AR481202294688317440","AR06176722073310724097"
"AR556668099894444032","AR05584938939279474689"
"AR574654254698987520","AR03782654663401144321"
"AR237351575088005120","AR06436119268852498433"
"AR266995095767613440","AR03189023937518370817"
"AR354460077526089728","AR09768782993106665473"
"AR395528967127302144","AR04675211814550634497"
"AR430817449223389184","AR02812350220417892353"
"AR475747136466583552","AR11936643065470517249"
"AR538097176702615552","AR10919452697899827201"
"AR569583547589853184","AR12064858215897104385"
"AR573753411078455296","AR15366757329928192001"
"AR153642799927918592","AR08296105914956513281"
"AR182267038968840192","AR00531139570201264129"
"AR222937561763414016","AR09422005821799137281"
"AR378730319240495104","AR07885517761697284097"
"AR409203730680905728","AR06008277304252301313"
"AR455239595341119488","AR18320274260553105409"
"AR508762824948842496","AR13706632623256764417"
"AR529325376015433728","AR14943418964955365377"
"AR6195198266703872","AR15996416852829929473"
"AR141441931711348736","AR13012095592124383233"
"AR198031596169723904","AR12396087605593112577"
"AR218800614904168448","AR11179400336450256897"
"AR22600736386842624","AR06800048409236471809"
"AR242040786022039552","AR03112462743853072385"
"AR242336073613574144","AR12020582806791913473"
"AR248881328894771200","AR10515518101817131009"
"AR267987920407756800","AR01382319899774287873"
"AR272133525921071104","AR10079896680133558273"
"AR284211626792452096","AR15086773565862707201"
"AR287926155028201472","AR13521846774947381249"
"AR356565058177728512","AR06975320458308616193"
"AR403025368686002176","AR07278292399170781185"
"AR40622144282951680","AR17842976537813450753"
"AR496252066251931648","AR13132109485319389185"
"AR534380999199424512","AR12250266387787808769"
"AR118649708502581248","AR00070652967933444097"
"AR270169007879880704","AR12840840608784318465"
"AR311055619069050880","AR17672600339141885953"
"AR414815706748551168","AR14929908166073253889"
"AR451132369655562240","AR11739934250508484609"
"AR65034394796032000","AR16075451123024003073"
"AR97878765622788096","AR00240438316544032769"
"AR186565133001031680","AR05677765483332370433"
"AR329733675925110784","AR08126645472031932417"
"AR354358338340782080","AR08282595116074401793"
"AR409596531209928704","AR11723345231385460737"
"AR416957555399458816","AR15383927303507542017"
"AR423255386204667904","AR04107330139161886721"
"AR432865976824889344","AR07805213555573129217"
"AR44789980546990080","AR05223682986540531713"
"AR149064330430644224","AR15645432950034530305"
"AR162649999182659584","AR06282996881521901569"
"AR236678708331544576","AR00696581298126323713"
"AR289972243088277504","AR04563893958819708929"
"AR294651524057923584","AR14011676593781473281"
"AR302742039852744704","AR13937291745944403969"
"AR305810708086390784","AR08384648486829686785"
"AR322315958167273472","AR05629974935553179649"
"AR504275614916673536","AR12231407564348194817"
"AR531366138316062720","AR12461073140841185281"
"AR136905621613051904","AR04477053430946332673"
"AR229433029783715840","AR07502311296260374529"
"AR304470197253701632","AR02667926481891491841"
"AR428206177826897920","AR11892493687885660161"
"AR453487111245398016","AR18131105071700639745"
"AR471915991278813184","AR11906191128866586625"
"AR476280330886578176","AR17785190329826148353"
"AR504132472246632448","AR16776384013295157249"
"AR119011138590474240","AR03247570732674187265"
"AR149239152779460608","AR18190514296289492993"
"AR186137148099919872","AR07881774749238427649"
"AR329508722718015488","AR06521687661772537857"
"AR356117075908886528","AR08461978514000707585"
"AR496760933977161728","AR05819126119902740481"
"AR525570406367625216","AR01061301399687528449"
"AR265864763454521344","AR02697370990966472705"
"AR283545288386281472","AR00179251181653065729"
"AR49417790628560896","AR02548351706152828929"
"AR4949142354788352","AR11319287077683593217"
"AR5195845276270592","AR10767821523214401537"
"AR67216822297952256","AR04086731476010270721"
"AR85446587647524864","AR09295630154325819393"
"AR186779400329494528","AR06984695993958662145"
"AR216474426256916480","AR09002916656950804481"
"AR259497182380425216","AR06805414438296879105"
"AR273201254790856704","AR15486468032791838721"
"AR366995265996980224","AR04672977194606133249"
"AR485041102097743872","AR00158101388298027009"
"AR570560566750347264","AR10282193350626902017"
"AR108880169732669440","AR06726286572175491073"
"AR413382768219652096","AR15585181911855661057"
"AR542739039917178880","AR09805964215750492161"
"AR76271025674780672","AR16979548748218630145"
"AR126499293811965952","AR01459641680608100353"
"AR205348846052573184","AR09216468890538737665"
"AR270976599170482176","AR16048918670495186945"
"AR391422256837820416","AR16205417520595730433"
"AR483285285107400704","AR15830976499294404609"
"AR564532391171850240","AR02262273074256674817"
"AR143796913819353088","AR07388630590041358337"
"AR189570441877127168","AR02983487006257971201"
"AR329617986686025728","AR03908737448464613377"
"AR332942360092606464","AR01846951248561963009"
"AR367017737265872896","AR16510671635280297985"
"AR457847362044297216","AR09512939419145863169"
"AR494053111715856384","AR04576132622748483585"
"AR563824546201731072","AR03035901550187773953"
"AR568891851696766976","AR04456164084408123393"
"AR76226942130454528","AR07655750342939770881"
"AR14638897812209664","AR03494424287249432577"
"AR168932746062725120","AR06779383500509282305"
"AR2646249610149888","AR06674810049103134721"
"AR27443191753998336","AR02449589173699477505"
"AR342669120988250112","AR06890982831216918529"
"AR376433198931902464","AR12056611603810877441"
"AR564078052351410176","AR14755258440582430721"
"AR5716086074900480","AR14024684640971784193"
"AR70224673794686976","AR06320413811970932737"
"AR73743798198337536","AR00754067751756103681"
"AR114793686864232448","AR10817435198711398401"
"AR272973312286523392","AR07934846113926873089"
"AR333581038909390848","AR17728895334484017153"
"AR372679672393105408","AR05764238499444162561"
"AR505080182550298624","AR02494783087330721793"
"AR53144722729861120","AR02926560891241496577"
"AR564755832550457344","AR10717293466359955457"
"AR63229752617467904","AR16060311672543248385"
"AR151526446202880","AR08579832691480854529"
"AR322734356701380608","AR14231850223830827009"
"AR389552812192694272","AR05435013931762450433"
"AR443846662012534784","AR12509726118053412865"
"AR449206368881082368","AR04787801805234896897"
"AR536700762575601664","AR02607373078014984193"
"AR76295799046144000","AR18338288659062587393"
"AR94624314283786240","AR03553815507335380993"
"AR12094627905536000","AR07511635154863915009"
"AR217270988071501824","AR12624065156859559937"
"AR339871241852682240","AR16098957582114226177"
"AR340068741628821504","AR13530858784565493761"
"AR390515022305951744","AR05289355029361197057"
"AR405743223990910976","AR10714538914854469633"
"AR56714252869697536","AR08832034270613602305"
"AR772922314588160","AR14197312639457034241"
"AR82931145561341952","AR11806038676276772865"
"AR84331511058268160","AR05877672915058556929"
"AR214539938627059712","AR04954434991447605249"
"AR36808007165673472","AR18392313850088128513"
"AR51711474963316736","AR09471545417700212737"
"AR517177318716735488","AR10038998970748895233"
"AR227676972275204096","AR16362052847577071617"
"AR275614442295656448","AR14938915365327994881"
"AR324467290105970688","AR00741317540042506241"
"AR413800032882393088","AR17447420357773361153"
"AR432363981047332864","AR18258068290700050433"
"AR554434854339477504","AR11006428465703419905"
"AR61707547488288768",NULL
"AR78982043391754240","AR16851203168225198081"
"AR112004294584041472","AR05414792813416022017"
"AR179904772596301824","AR12403388775118405633"
"AR209717343188680704","AR12361325445969346561"
"AR247045625512722432","AR11809904284282126337"
"AR298196074667966464","AR17609549944358699009"
"AR373882331955462144","AR02134421037545160705"
"AR384397373968744448","AR11498165250016935937"
"AR423358809017155584","AR05941283785894002689"
"AR82982341571510272","AR06268162545517854721"
"AR88176262702432256","AR06975790636968443905"
"AR92437454375616512","AR08807767224354865153"
"AR143954006543171584","AR08356829605696372737"
"AR166933146728660992","AR08723894690681716737"
"AR201494679840096256","AR17608789357190184961"
"AR290836253069279232","AR00014775237254053889"
"AR297932501114945536","AR16771035988737654785"
"AR301162144722845696","AR16650283223728783361"
"AR37362195385810944","AR03793765228399820801"
"AR405215320970625024","AR15055146526206590977"
"AR425815873907851264","AR15387023528251359233"
"AR468218333674602496","AR15098793152099647489"
"AR504722257155719168","AR04717523221010710529"
"AR514375110254133248","AR15602573162150100993"
"AR533947551099912192","AR01364305501264805889"
"AR65636446131716096","AR15077682528846348289"
"AR73365463119167488","AR03962319536304160769"
"AR100605107783073792","AR04305072220176121857"
"AR129006661359632384","AR11991849681740103681"
"AR136916376211161088","AR16325237899744247809"
"AR310831112538554368","AR01148030876886499329"
"AR35080399520530432","AR11984554009772949505"
"AR433195246197669888","AR15749928610993012737"
"AR550965070520123392","AR07853908726544072705"
"AR89369095379615744","AR15887139690680156161"
"AR103839115077746688","AR03643887499882790913"
"AR107137993558458368","AR10989258492124069889"
"AR154007081874096128","AR07251270801406558209"
"AR166930191791161344","AR06692824447612616705"
"AR1992658666913792","AR13402343467464523777"
"AR307071607405281280","AR13191884022646571009"
"AR316918077629399040","AR08228551920545955841"
"AR440044344645255168","AR01458797255677968385"
"AR49205344366231552","AR00594106127222833153"
"AR504923570862817280","AR16897981203234160641"
"AR87740271982280704","AR05235286819943219201"
"AR96875152024797184","AR12079129601947729921"
"AR195562677169291264","AR06681337849637240833"
"AR213513613242007552","AR03791256830060003329"
"AR224521614421655552","AR16542562145410220033"
"AR22629942164455424","AR08394340681828532225"
"AR263487447516577792","AR04732009561584566273"
"AR408519147253661696","AR06556872033861369857"
"AR473134284522127360","AR11366716435893059585"
"AR119705239665246208","AR05566924540769992705"
"AR131603501666009088","AR02486462395648573441"
"AR203536576012091392","AR11610755240701198337"
"AR3328324776493056","AR00067268808582103041"
"AR39592142405894144","AR13338976413332537345"
"AR41777868442697728","AR02548650360998723585"
"AR487492703790039040","AR14122723282457198593"
"AR500662997664923648","AR00723303141533024257"
"AR511588775990657024","AR15328848505464684545"
"AR63152855523000320","AR00793108935757266945"
"AR6867343468658688","AR16626920800661798913"
"AR183886241639432192","AR15988254078505320449"
"AR200082803830816768","AR16023420446091247617"
"AR301377374123982848","AR09196825840430612481"
"AR399360215394287616","AR01602912443753824257"
"AR434721230898069504","AR00336590745831997441"
"AR483341394560155648","AR07147688009977036801"
"AR524122933669396480","AR12822223540463861761"
"AR70864005446500352","AR14531842350742765569"
"AR101040754905841664","AR05472407909906251777"
"AR166745130240311296","AR02851253965465583617"
"AR176414235494973440","AR15947721681858985985"
"AR303547054162968576","AR09169804242666389505"
"AR393395605331771392","AR02304810980112072705"
"AR460540821934964736","AR00441828164822368257"
"AR179903054609383424","AR14212973395888308225"
"AR247013670956040192","AR15798258469225627649"
"AR370533013378826240","AR14443519406317240321"
"AR402065838632337408","AR16460269609946185729"
"AR468103675227668480","AR14612907144035434497"
"AR510852274998738944","AR11061316086161997825"
"AR510875536541614080","AR11741677113877463041"
"AR71613185181876224","AR10460595296986464257"
"AR79746496030834688","AR16273097615246098433"
"AR164365306041466880","AR01144389706692165633"
"AR326930230511927296","AR10594570376514109441"
"AR399381758950244352","AR13081180519037665281"
"AR78478741944139776","AR06814421637551620097"
"AR172725442703261696","AR16420599642732888065"
"AR181717420593905664","AR08701429881419857921"
"AR29370154601152512","AR14947161977414221825"
"AR391506884873420800","AR08768223288661901313"
"AR125830103547510784","AR01044466089959882753"
"AR189071263598116864","AR09657821654021046273"
"AR2140817858756608","AR17978000688872947713"
"AR220817136409378816","AR17867335943048921089"
"AR247391696797564928","AR08052911535078506497"
"AR346305343380258816","AR00302216576373882881"
"AR396343911401914368","AR06412756845785513985"
"AR431951698546655232","AR07292078213398790145"
"AR143672840804106240","AR00514876418836922369"
"AR213340096563249152","AR07721280823638360065"
"AR519496394898145280","AR11091298668739821569"
"AR55714109605281792","AR13889576652150669313"
"AR563384294874021888","AR13023061021588193281"
"AR60189740405620736","AR16546700432299261953"
"AR81635645985914880","AR03423211118141636609"
"AR143311032759091200","AR01774893654524035073"
"AR223751818843258880","AR17937552129988231169"
"AR262213319698415616","AR17279626087281721345"
"AR321326775659397120","AR03258824234184474625"
"AR369458240762675200","AR09126673012848852993"
"AR388437666883960832","AR00063525796123246593"
"AR405812458863722496","AR07312632483768434689"
"AR409490393978109952","AR04225747129156501505"
"AR464488687153971200","AR04670024593568694273"
"AR466989320192917504","AR15501865318749306881"
"AR516908659922436096","AR11781892026541277185"
"AR539987546428407808","AR15235290511301410817"
"AR559253876365066240","AR09165300643039019009"
"AR167424834584707072","AR16542196832671891457"
"AR174224214490873856","AR00377933345109049345"
"AR174731398588923904","AR07980260342200532993"
"AR212769450028433408","AR03896809946326499329"
"AR216693194711105536","AR04413158611233013761"
"AR217240510983569408","AR15632746097678483457"
"AR247906886714654720","AR06376728048766550017"
"AR28179211709579264","AR02736777487705964545"
"AR416255585944600576","AR14580614899844513793"
"AR84449296241393664","AR13186170685350739969"
"AR84563095694868480","AR04504075028710555649"
"AR273718643731202048","AR07940321544394244097"
"AR301704994229321728","AR02815590481184948225"
"AR326410608188588032","AR15101003170471477249"
"AR452802012422078464","AR11522874162511085569"
"AR538668647871152128","AR08505523297629241345"
"AR565697873497292800","AR04094016565178007553"
"AR566483818152722432","AR01977555637755707393"
"AR144684700739305472","AR04001923670258745345"
"AR192327398564298752","AR06827088011503599617"
"AR278253442001010688","AR07435918386128748545"
"AR398509949308633088","AR07151990673854431233"
"AR444440192133103616","AR05539902943005769729"
"AR487435116868534272","AR12166294348312346625"
"AR128326785216544768","AR11056812486534627329"
"AR159356652619825152","AR11662652876726992897"
"AR164238467067281408","AR13032168345120538625"
"AR262734694368411648","AR08191337025358528513"
"AR266277973668134912","AR07028342619851718657"
"AR389162245046665216","AR01350710864621076481"
"AR534468204215402496","AR06879526194933399553"
"AR536420455829995520","AR14209332225693974529"
"AR548009033508847616","AR07294557749558378497"
"AR179394118164676608","AR02647747557303779329"
"AR207043021672284160","AR08859055868377825281"
"AR271358404583227392","AR07951952865587625985"
"AR328012905867902976","AR09862514160351313921"
"AR353832531264536576","AR11200065245177446401"
"AR35971966011703296","AR04229355451440955393"
"AR372373424045031424","AR07768659054557134849"
"AR570784283006861312","AR08469494500610277377"
"AR66397308178137088","AR03188179512588238849"
"AR101047558134038528","AR08255438278379962369"
"AR225825669571936256","AR01825294855224426497"
"AR251253181634314240","AR00396792168548663297"
"AR271193993235136512","AR03790201298897338369"
"AR304610900382318592","AR05205792145650221057"
"AR313197364640743424","AR15478465787164884993"
"AR340766690994290688","AR17050241161131720705"
"AR105925713269358592","AR15843276460996427777"
"AR130338994574589952","AR16784630625381384193"
"AR131478981974163456","AR09304912231487504385"
"AR211332010373808128","AR10991916286606311425"
"AR264880253871063040","AR12829481691596718081"
"AR546272354892775424","AR01202936501847982081"
"AR169694157864960000","AR02829058811430436865"
"AR195639161946898432","AR14775402180798054401"
"AR21467346057035776","AR03361789374957092865"
"AR216325201913184256","AR18163492698525270017"
"AR217573010171756544","AR04440162204494331905"
"AR300311328881377280","AR09597646207266586625"
"AR31079517225222144","AR11732924039247691777"
"AR316616948882341888","AR06499169663635685377"
"AR358455049946398720","AR15008648591784804353"
"AR361416069119737856","AR16352201223392198657"
"AR368193939829686272","AR11128870080572555265"
"AR379188506351632384","AR08634686914273738753"
"AR424030610621726720","AR05089356887925719041"
"AR518926641716527104","AR13135223714566111233"
"AR541336956433334272","AR11510771425707294721"
"AR551386733229375488","AR04833828461485228033"
"AR157291735423123456","AR09173547255125245953"
"AR227610005145124864","AR03669422970243121153"
"AR414187232774062080","AR09808154305474068481"
"AR453015180238913536","AR06884129437802037249"
"AR523872863493554176","AR04673325327475277825"
"AR528573928537325568","AR04323931043615735809"
"AR77897993646243840","AR03833038684232351745"
"AR132384807756759040","AR14486303602777260033"
"AR264291431034650624","AR02448146477004881921"
"AR35758111000100864","AR09336437428879097857"
"AR438698851650502656","AR13549554880284196865"
"AR439212907696226304","AR10934370871665491969"
"AR122376400085712896","AR12100785170651545601"
"AR139287576115675136","AR13899574511382036481"
"AR216045238764961792","AR05757704376718196737"
"AR432709227698454528","AR05593946138534215681"
"AR521631440320856064","AR03121469943107813377"
"AR254119127411589120","AR12303465158386122753"
"AR294690453641494528","AR02336731864250712065"
"AR324045867914887168","AR08862715043075063809"
"AR354418880199786496","AR06320736930950545409"
"AR458749476975149056","AR00280870657632239617"
"AR459907640676319232","AR17307808769324875777"
"AR474006059804000256","AR12163511896699305985"
"AR501286352038395904","AR14466037404454092801"
"AR533352543510593536","AR13913085310264147969"
"AR70075827408076800","AR04311911457378795521"
"AR74825992517976064","AR11362296674027307009"
"AR117101493051457536","AR00081540194632728577"
"AR244720295858929664","AR10029991771494154241"
"AR319129985786839040","AR00415629688950489089"
"AR435820020971339776","AR03067426747579367425"
"AR435899632485138432","AR10703279915786043393"
"AR459762711299883008","AR06269486082639790081"
"AR110623067461386240","AR14582370407597211649"
"AR182837376266010624","AR03152150715569274881"
"AR210594238071570432","AR11348385378034778113"
"AR222237344655212544","AR07494465181284564993"
"AR300798000215621632","AR13816674633182609409"
"AR304201882056785920","AR18032043884401393665"
"AR360451728702701568","AR08197026723154362369"
"AR503031242631938048","AR09559875371512365057"
"AR509971772343320576","AR11340539263058968577"
"AR107541926642712576","AR09381473425152802817"
"AR121273177606193152","AR15083030553403850753"
"AR175319156273446912","AR06877436847962718209"
"AR256020870210781184","AR13726602640635199489"
"AR269671513228050432","AR14137274631656046593"
"AR285644324803182592","AR01527195675018657793"
"AR368005751542644736","AR08145235327439601665"
"AR467039279252504576","AR03387182321122672641"
"AR478446574951727104","AR12997863925931311105"
"AR492902197919481856","AR16761360286413225985"
"AR278411634236456960","AR17126904197061541889"
"AR317105647441149952","AR02176055832037294081"
"AR397221768357478400","AR00800638116506370049"
"AR486261972321435648","AR02614832164897816577"
"AR488369873550835712","AR03923110676779761665"
"AR62338701522370560","AR05503228732661301249"
"AR11202168061165568","AR09624667805030809601"
"AR246281808528801792","AR15223632801828962305"
"AR267094670289403904","AR14122919407843803137"
"AR296443418773553152","AR06227226353226219521"
"AR503537945693650944","AR16574229317240750081"
"AR55545128411987968","AR02125330000528801793"
"AR556495304770191360","AR13250065505064058881"
"AR83705476625203200","AR17948310576388112385"
"AR108828217808257024","AR04612161419767447553"
"AR122780539328397312","AR16816053980508454913"
"AR157301974625157120","AR06682972823427743745"
"AR207763751544291328","AR01537546065165680641"
"AR228389180932096000","AR00045511397613764609"
"AR230908746186883072","AR13142960565573910529"
"AR471067718057984000","AR00098794005973696513"
"AR500858057899638784","AR13105950316988203009"
"AR545067427587686400","AR03246187134729584641"
"AR122162785592279040","AR04755881745729978369"
"AR209065332793409536","AR01843438308911218689"
"AR213755093483257856","AR14042699039481266177"
"AR260884766054678528","AR00149094189043286017"
"AR358347641404260352","AR14719198444921028609"
"AR473158198900031488","AR10687517317090246657"
"AR53042261990047744","AR17343837566343839745"
"AR56835474026659840","AR06422608469970386945"
"AR123906061278117888","AR03952749387095998465"
"AR124245844730839040","AR11853949620579205121"
"AR244316775091535872","AR11890343730336497665"
"AR309808120048123904","AR07259116916382367745"
"AR339050937458884608","AR17006067594291052545"
"AR344531556246749184","AR05337240959774097409"
"AR468571723583717376","AR06278493281894531073"
"AR533788499871006720","AR10376768942801682433"
"AR82707738542473216","AR03720448693548089345"
"AR99148495394439168","AR15663994905334644737"
"AR142513130914709504","AR04692324201208479745"
"AR146107846742769664","AR06544205659909390337"
"AR149255714173353984","AR00068029395750617089"
"AR212072084778516480","AR01279497695513280513"
"AR299458588894560256","AR16518834409604907009"
"AR32483696653107200","AR17159189981621649409"
"AR336877649647370240","AR14793051129130254337"
"AR469899315154780160","AR03162806769948819457"
"AR527764344381898752","AR04634679417904300033"
"AR573801583431647232","AR16005863444418920449"
"AR178835566257766400","AR14249020197410177025"
"AR224933965641809920","AR14340235269733613569"
"AR415866118310199296","AR03779327128898633729"
"AR422480058708393984","AR15766750451703218177"
"AR434961577267953664","AR11627907209777643521"
"AR49513963536252928","AR07315949847788388353"
"AR214232453328404480","AR14449711993243828225"
"AR218481653452898304","AR00803607347657179137"
"AR221121924468572160","AR02423276760935170049"
"AR239907802183630848","AR14512709061713068033"
"AR242722551950737408","AR12741158747171192833"
"AR320288664884084736","AR14066988075972558849"
"AR327633368197890048","AR13108704868493688833"
"AR473212659085344768","AR15700390801798332417"
"AR515904256050462720","AR02773848346870153217"
"AR7905969640046592","AR06809918037924249601"
"AR115883234167881728","AR16572877605133352961"
"AR264252226573172736","AR12636731530811539457"
"AR272197091437051904","AR02626073984097058817"
"AR342479420872720384","AR17065240011563073537"
"AR356558220589793280","AR17272282723997712385"
"AR45054619251900416","AR00775094537247784961"
"AR489534496882819072","AR14987919086749483009"
"AR493918009224593408","AR11083834084298850305"
"AR154280825909673984","AR10731792726195437569"
"AR176443028955725824","AR11204586849307721729"
"AR216975425602060288","AR14483207378033442817"
"AR475435802877231104","AR15158831159900635137"
"AR497772725192884224","AR05503874145986805761"
"AR525474405258625024","AR15199261714282446849"
"AR17232095986319360","AR08798760025100124161"
"AR244245100677300224","AR05098550179523461121"
"AR325357379128393728","AR09733744856064327681"
"AR518095239127236608","AR04783298205607526401"
"AR94176469453897728","AR05643485734435291137"
"AR22566720245858304","AR05115720153102811137"
"AR319431561210494976","AR02260437989349916673"
"AR404222736848650240","AR06377572473696681985"
"AR425465267137544192","AR05497118746545750017"
"AR52275936745226240","AR04756276607843303425"
"AR534097703156580352","AR00137820484006838273"
"AR59164720690626560","AR12285450759876640769"
"AR214979193522356224","AR00732813092479565825"
"AR361287976015101952","AR02062261601242710017"
"AR430854643640172544","AR06741500377130074113"
"AR485685862588219392","AR01393359821150879745"
"AR492545131518361600","AR03965271725024739329"
"AR539736273661722624","AR11261726269579984897"
"AR563676661887795200","AR14276886220104531969"
"AR11183819960877056","AR11714338032130719745"
"AR225734547545784320","AR16110841928420950017"
"AR385970809467830272","AR10018732772425728001"
"AR445820182305177600","AR03067792060317696001"
"AR66870132537819136","AR16659290422983524353"
"AR7395212129206272","AR02245885128322580481"
"AR84138546767593472","AR07377371590972932097"
"AR256877355409080320","AR06174149903296495617"
"AR34342730297507840","AR14586621531867054081"
"AR37771419869773824","AR18011596129220689921"
"AR379342060022398976","AR16860890003104858113"
"AR11359123346030592","AR17965334314920968193"
"AR117756801981612032","AR06552350429731094529"
"AR119804367510437888","AR18125212101692620801"
"AR282402483488161792","AR04859859399272824833"
"AR339352409803325440","AR13870617773152927745"
"AR376563869016915968","AR02480810081248083969"
"AR437957127978352640","AR12249421962857676801"
"AR457068564214448128","AR00297712976746512385"
"AR525088614116229120","AR17451923957400731649"
"AR86477723395948544","AR17686111138023997441"
"AR106636478817239040","AR03445729116278489089"
"AR137139817589768192",NULL
"AR1686204160409600","AR12353088592048816129"
"AR356103950488829952","AR13330474027353899009"
"AR445348388737646592","AR15582085687111843841"
"AR543115966247075840","AR03941052919838670849"
"AR82463784400060416","AR03911851677711335425"
"AR100669807170420736","AR09831995978171809793"
"AR191068732628402176","AR05196468287046680577"
"AR290846389192097792","AR03111776236280479745"
"AR341763844961468416","AR06860374489083936769"
"AR362269977337659392","AR04557255794805964801"
"AR485380060916744192","AR13982265757250093057"
"AR65293639022018560","AR02702067829762424833"
"AR128452713657663488","AR17478945555164954625"
"AR156064611727048704","AR17420398760009138177"
"AR269977624137170944","AR10610209555029688321"
"AR291273824337395712","AR18437367850864738305"
"AR308399267695820800","AR07038739189487108097"
"AR477436845320306688","AR14941193690859700225"
"AR497837527659446272","AR07319190108555444225"
"AR517589944814796800","AR14637174190294171649"
"AR557098696135671808","AR04446030985246539777"
"AR114721806291566592","AR04837077106028445697"
"AR138617664296714240","AR13071858447140519937"
"AR16329156421746688","AR01688564674435481601"
"AR197860828270034944","AR01576735270919733249"
"AR199363104750960640","AR11007272890633551873"
"AR229678804992262144","AR05507869633803190273"
"AR285960881072766976","AR12510714579006783489"
"AR31190945856749568","AR10640732272694657025"
"AR347872284888793088","AR00810278909336616961"
"AR360017284170776576","AR17356503940295819265"
"AR411350527134138368","AR13551806680097882113"
"AR466063943719190528","AR06573981809179099137"
"AR51680413759832064","AR00631970009148555265"
"AR64626029305528320","AR05597689150993072129"
"AR1838383441641472","AR08376326283319050241"
"AR199381040534388736","AR17824878301542350849"
"AR237561375650480128","AR07887845565252239361"
"AR346269781051047936","AR07784947357249961985"
"AR40237040335323136","AR03481757913297453057"
"AR406444506251001856","AR17411391560754397185"
"AR51682750222041088","AR17718990521424150529"
"AR61896800927219712","AR14668699387685765121"
"AR6421147906211840","AR03111702156684558337"
"AR99697117336961024","AR10890544613060247553"
"AR146984913424351232","AR11835090797139591169"
"AR162103679342608384","AR00658721814247112705"
"AR191645082879787008","AR04395144212723531777"
"AR214787741060169728","AR04238362650695696385"
"AR294579643485257728","AR17959986290363465729"
"AR298866055206404096","AR01438207113741467649"
"AR389693240443404288","AR04337441842497847297"
"AR409524788076216320","AR17716773905982554113"
"AR437726471054688256","AR12288546984620457985"
"AR490558107848540160","AR05313878536707112961"
"AR91527299265986560","AR01274233508717395969"
"AR183122768252895232","AR02450433598629609473"
"AR234130349616005120","AR09539099412110770177"
"AR26973253612339200","AR02813093902595129345"
"AR297757988003774464","AR05049010583622385665"
"AR319434344349302784","AR13197513522180784129"
"AR379402636241141760","AR14334570585827311617"
"AR406612422292406272","AR02138524140062113793"
"AR470525796264443904","AR14325956324540547073"
"AR500923959877828608","AR15889174886703169537"
"AR51447489093435392","AR15487097778076647425"
"AR355478087854456832","AR01374073287688060929"
"AR395833772366364672","AR14165787442065440769"
"AR409194487911284736","AR00491460119700176897"
"AR425255913251667968","AR10249823728305176577"
"AR458028403505758208","AR10185273462222749697"
"AR488255112024686592","AR16952024398762606593"
"AR530775941090115584","AR05291444376331878401"
"AR162484660121632768","AR00912317574123880449"
"AR282330190598635520","AR03963442137676120065"
"AR317061426457870336","AR05710195303915716609"
"AR406352422152175616","AR17572658717906698241"
"AR44295853149519872","AR09538338824942256129"
"AR557643813384880128","AR02749162386681233409"
"AR188125546159276032","AR14518408929991458817"
"AR331534985209053184","AR17316815968579616769"
"AR342656201726623744","AR04629331393346797569"
"AR427504792487591936","AR09490087581791027201"
"AR428605403626995712","AR01179257419432198145"
"AR429638223002599424","AR04339070494096490497"
"AR57782359696605184","AR06457774837556314113"
"AR86794417104486400","AR07048608818174885889"
"AR110779747868344320","AR05775661050867220481"
"AR227384811419860992","AR08901840064837844993"
"AR240014351732310016","AR15446661038941929473"
"AR267556362093854720","AR13374997926086967297"
"AR30666891127160832","AR08111458330234322945"
"AR376987833828638720","AR10802861859279994881"
"AR408120780447023104","AR09525465055609487361"
"AR431898200434016256","AR09430150591620841473"
"AR485045706302685184","AR00261684179727548417"
"AR92331695100919808","AR10897437451454775297"
"AR103132816295854080","AR09250869035959058433"
"AR271093594079625216","AR04603154220512706561"
"AR375033245751836672","AR09473673659894726657"
"AR429843213201702912","AR07303001998859698177"
"AR458944331051433984","AR13205029508790353921"
"AR486331928748752896","AR02899949136436527105"
"AR570683608973443072","AR01943984249224822785"
"AR146135025295818752","AR07350535398356942849"
"AR241736444639444992","AR13763651234688925697"
"AR30065045949906944","AR04674367389620502529"
"AR376667944664432640","AR13268079903573540865"
"AR417948558973468672","AR01507294789433819137"
"AR430556521370222592","AR06760378442023174145"
"AR556102091924307968","AR07044105218547515393"
"AR100201587015680000","AR10570423726778613761"
"AR153520891576188928","AR10198253609305505793"
"AR162298636498108416","AR01456766732579373057"
"AR196874154023059456","AR10970399668684455937"
"AR221691299693068288","AR10921704497713512449"
"AR232372436681621504","AR09953430577828855809"
"AR282038854377013248","AR10861996618278764545"
"AR290371194010468352","AR02306318410553753601"
"AR295106446993915904","AR00171612187180138497"
"AR295730694720585728","AR16070947523396632577"
"AR296653322415243264","AR13114957516242944001"
"AR301231001638535168","AR02107315602019319809"
"AR403269357188153344","AR05031396682223321089"
"AR460814806488711168","AR04026693468209283073"
"AR193620080641179648","AR06329661529394249729"
"AR199136399197208576","AR15094165994853105665"
"AR258291980197429248","AR11817920823560241153"
"AR324751273343582208","AR11822424423187611649"
"AR375658146313535488","AR16502029748763885569"
"AR40109119029379072","AR03187918516015595521"
"AR402070133599633408","AR01076835712281608193"
"AR435534628984455168","AR02701790752832225281"
"AR441751267727900672","AR02968347555777216513"
"AR79109999057436672","AR08188019523899621377"
"AR182983405154074624","AR04846147664640737281"
"AR363762426933411840","AR14285048994429140993"
"AR367976872182546432","AR16550443444758118401"
"AR409588078714290176","AR03098107520040828929"
"AR425715131154956288","AR04152794257775656961"
"AR460893077972713472","AR08453731901914480641"
"AR499018231348985856","AR04791460979932135425"
"AR65609439377358848","AR16447621240497111041"
"AR163282355807584256","AR13169000711771389953"
"AR351655360802586624","AR03026049926002900993"
"AR405969654666756096","AR01328174861981319169"
"AR436460452134780928","AR00360185578169303041"
"AR441057407171297280","AR03799764438718873601"
"AR481578877420830720","AR06945026026745364481"
"AR83558691822895104","AR15419956100526505985"
"AR130387441805688832","AR05543544113200103425"
"AR142481313796980736","AR08134966988347801601"
"AR203426590489575424","AR08865811267818881025"
"AR261476337670160384","AR02195005227747246081"
"AR491889650789515264","AR12734830645436481537"
"AR65573189853380608","AR14570555330523037697"
"AR130547231768969216","AR11827657548780011521"
"AR412759345126703104","AR06818660942071463937"
"AR575254931645136896","AR15415434496396230657"
"AR92351795547865088","AR08931479050031988737"
"AR9884815692136448","AR09440020220308619265"
"AR29992031505874944","AR04967185203161202689"
"AR342701522221531136","AR01920662508088066049"
"AR372698467169992704","AR04920657994242326529"
"AR409503553757904896","AR17108889798552059905"
"AR433345570053029888","AR17838406280293646337"
"AR46638156514066432","AR08955883260366290945"
"AR59545907628081152","AR06125370894563934209"
"AR215902096094920704","AR10872164901812436993"
"AR245332208439525376","AR09759015206683410433"
"AR508779970458288128","AR00432820965567627265"
"AR533000390552059904","AR02758930173104488449"
"AR534531769731383296","AR14231005798900695041"
"AR540733599427592192","AR16190472133917278209"
"AR107394832602759168","AR06800150251500994561"
"AR120316293252382720","AR11885474817970798593"
"AR165516666514440192","AR00939475923646808065"
"AR208412085447557120","AR08678911883283005441"
"AR234161376459751424","AR02819728768073990145"
"AR460938364107882496","AR00251832555542675457"
"AR540952367881781248","AR13128468315125055489"
"AR184819761371152384","AR12408888257402634241"
"AR319309893376933888","AR03994407683649175553"
"AR34503980549668864","AR01333540891041726465"
"AR4951135219613696","AR12589598353546805249"
"AR122573109587869696","AR05373635069531389953"
"AR185982941594124288","AR15267976792971935745"
"AR219552680857567232","AR14766934154557784065"
"AR297636079652044800","AR14702979136582844417"
"AR326875186211061760","AR15580976967074185217"
"AR447812806612353024","AR01288504894768021505"
"AR475541149835067392","AR09798212658774671361"
"AR6880365809500160","AR01914505242972520449"
"AR143043713994588160","AR11600903616516325377"
"AR16593176651366400","AR00903447126627844097"
"AR392837568820936704","AR05853405868799819777"
"AR458298711567499264","AR12173968664596316161"
"AR521244858904477696","AR14033691840226525185"
"AR99524734529568768","AR03881598615273078785"
"AR257954945523777536","AR01517147925447180289"
"AR186089456783065088","AR15047001756384886785"
"AR295952933508349952","AR06683817248357875713"
"AR308819865253183488","AR16100844069189582849"
"AR32267024142958592","AR01891987244835667969"
"AR343944485756993536","AR12873391787963580417"
"AR376917362005245952","AR09109732150004940801"
"AR387755110681280512","AR00949755257854885889"
"AR391027188566065152","AR16463622570655088641"
"AR492026162030051328","AR04813074354877235201"
"AR6361499400404992","AR00180619386434879489"
"AR84935314740609024","AR01077477827072229377"
"AR104583793687396352","AR00784455641807716353"
"AR178200770091417600","AR16608994225643585537"
"AR259405510598459392","AR16311752664507482113"
"AR281599943079100416","AR14506569801100427265"
"AR328059875630252032","AR03336835683686809601"
"AR331089820438757376","AR12513103817773940737"
"AR367155313658298368","AR07403548763807023105"
"AR378635074045739008","AR15119424663161143297"
"AR438762245367791616","AR08672895355655815169"
"AR50711915814453248","AR08083457067609751553"
"AR525242511384379392","AR11910244615921336321"
"AR148109060984537088","AR04598102926655750145"
"AR179335466091282432","AR09840320655583608833"
"AR204442401794686976","AR11862956819833946113"
"AR215791801334759424","AR16834930808450973697"
"AR281466421135802368","AR07926956980558626817"
"AR356821347466215424","AR11214438473492594689"
"AR374174802048450560","AR14740756981723693057"
"AR422391822900264960","AR16906988402488901633"
"AR462903019588026368","AR07596886888435154945"
"AR474811383351869440","AR08665401084400893953"
"AR518134684106883072","AR17375362763735433217"
"AR188082733925269504","AR01918146413166854145"
"AR286078838054584320","AR11528846022478397441"
"AR292912199741997056","AR17057406403532029953"
"AR316777889896857600","AR09050961604232871937"
"AR433087390978932736","AR03459239915160600577"
"AR524648053550874624","AR02549512790431760385"
"AR547195223105601536","AR13225295707113521153"
"AR553636471458758656","AR03549311907708010497"
"AR83562883710976","AR08664556659470761985"
"AR104374439801520128","AR10327229346900606977"
"AR12988118542057472","AR12316957952765329409"
"AR144278946588917760","AR14357951013397200897"
"AR251150927052931072","AR13961634246188597249"
"AR310221742578597888","AR09083981450243473409"
"AR398318015810109440","AR08189010183876247553"
"AR431961491072090112","AR06009842596493393921"
"AR444297977175998464","AR15747311498440998913"
"AR447764256302039040","AR01048834449657036801"
"AR565248722997346304","AR14654027504524722177"
"AR245758578432933888","AR14028027156320223233"
"AR26596430361657344","AR05382276956047802369"
"AR355494924126257152","AR06367804687273426945"
"AR377141765456527360","AR18136973852452847617"
"AR454559341240909824","AR07652091168242532353"
"AR532582369975074816","AR10381800308010385409"
"AR101209633019920384","AR11586488194442461185"
"AR140325824329940992","AR15248903152448045057"
"AR178135967624855552",NULL
"AR254898681155682304","AR12087292376272338945"
"AR417995597455294464","AR08462739101169221633"
"AR459647400017920000","AR16641276024474042369"
"AR461888926269833216","AR06985558423391698945"
"AR86727381254930432","AR04290154046410457089"
"AR116759338776788992","AR03296265903645130753"
"AR206312774152749056","AR04278895047342030849"
"AR21269090366652416","AR05017485386230792193"
"AR260848825768345600","AR01098509285488328705"
"AR333664876671008768","AR17823410728397176833"
"AR419929878926721024","AR18068072681420357633"
"AR431966645032845312","AR08719444279929339905"
"AR462737852325691392","AR10957733294732476417"
"AR484626826732240896","AR02690303192784175105"
"AR486246785317076992","AR06075831298662858753"
"AR489016592546398208","AR05602953337788956673"
"AR513786390496935936","AR07859256751101575169"
"AR64764395971936256","AR13952627046933856257"
"AR14309319201783808","AR15261925080972656641"
"AR179100823437967360","AR12115158398966693889"
"AR268406215862648832","AR15650484106452533249"
"AR352967043814785024","AR07797559992571133953"
"AR390775366043566080","AR15763074097136795649"
"AR409991324603777024","AR16284647228981641217"
"AR418777607920680960","AR00254532406344679425"
"AR490624559582543872","AR16056969157194809345"
"AR522818603641208832","AR08043904335823765505"
"AR556636592014360576","AR08789511483043086337"
"AR57885610710401024","AR00867418329608880129"
"AR178162218464968704","AR05154845174865592321"
"AR195111018408443904","AR14736253382096322561"
"AR251724562884984832","AR11099596682994647041"
"AR296513478280085504","AR16812412810314121217"
"AR301521203988791296","AR01770132356858904577"
"AR571390698029318144","AR05039140954934607873"
"AR91354057465135104","AR00604451019811717121"
"AR184116451886497792","AR10466840935349092353"
"AR197648656885612544","AR14860702567758823425"
"AR280565336997101568","AR10774714361608929281"
"AR306782916883513344","AR06053313300526006273"
"AR401740142672347136","AR08269084317192290305"
"AR439052860034908160","AR03917744647719354369"
"AR68295821161922560","AR04598027472670294017"
"AR16564486269829120","AR07043260793617383425"
"AR276637125548441600","AR07541154843046445057"
"AR355055325633576960","AR00946231323087863809"
"AR485728262505365504","AR16612002626896134145"
"AR538198778448969728","AR10250668153235308545"
"AR546270911783763968","AR09110395018077536257"
"AR120435315386089472","AR17433909558891249665"
"AR147496976605249536","AR01220950900357464065"
"AR313809345940815872","AR12921907051344429057"
"AR344139923948830720","AR10358754544292200449"
"AR425963861301002240","AR00027496999104282625"
"AR456234034888966144","AR03116966343480442881"
"AR496651841807843328","AR16249781715264864257"
"AR12348649451290624","AR09352009399746428929"
"AR150536335982067712","AR09241017411774185473"
"AR203107285440921600","AR10633474121561800705"
"AR237803955403358208","AR03017887151678291969"
"AR259778657357135872","AR09849847786399334401"
"AR324019960672157696","AR17177204380131131393"
"AR374290869244657664","AR06931515227863252993"
"AR390845425550098432","AR03803911521700937729"
"AR407167263347572736","AR15485074126925725697"
"AR414274334710824960","AR05922708911332261889"
"AR422664433064476672","AR15267678138126041089"
"AR427988577603813376","AR09077845763043622913"
"AR533665595086864384","AR11271860055936335873"
"AR16086885906513920","AR15572422766610087937"
"AR241800680170323968","AR05191376723576356865"
"AR404901135522988032","AR14427133659406401537"
"AR461953144620843008","AR05827770068003454977"
"AR468104568580866048","AR06287500481149272065"
"AR471877027335503872","AR12799705542327009281"
"AR507096549436686336","AR04729255010079080449"
"AR516758542225506304","AR05226902768903520257"
"AR60672700888121344","AR17915794719019892737"
"AR77628475858485248","AR11745863229522313217"
"AR93115440733093888","AR18104101478439321601"
"AR144859420008906752","AR10366899314113904641"
"AR149726751826640896","AR18374317456081551361"
"AR162667728807657472","AR02881934737927045121"
"AR255896213079982080","AR06707325906471354369"
"AR277092048484433920","AR17843737124981964801"
"AR30687781848088576","AR08737458678438821889"
"AR34994019138273280","AR15916196484467392513"
"AR367898583518674944","AR14313814692512923649"
"AR43892538540556288","AR13556310279725252609"
"AR447587028771536896","AR17162885027885744129"
"AR452623101264396288","AR08057415134705876993"
"AR464053486707802112","AR11980050410145579009"
"AR467891366404292608","AR14562729556512342017"
"AR49703354414137344","AR05908353687520018433"
"AR170283564816924672","AR13492415460011933697"
"AR201661049693274112","AR03283599529693151233"
"AR283005084579659776","AR08159248878013513729"
"AR298174840349655040","AR05439979326273486849"
"AR363807163312766976","AR09926408980064632833"
"AR54134317554597888","AR13703180019306594305"
"AR64306277580275712","AR15890447021656506369"
"AR74662165285437440","AR07341997278250401793"
"AR25605461147385856","AR06216284700701360129"
"AR390884252054454272","AR16026942731590828033"
"AR409163117470154752","AR14880368570172178433"
"AR470990374286917632","AR11609892811268161537"
"AR472849820248178688","AR01642201155310190593"
"AR561610748258680832","AR04148290658148286465"
"AR223492059221196800","AR01644057543254736897"
"AR283402764191531008","AR01631769126424805377"
"AR382375543883956224","AR04574332309896953857"
"AR429064621530284032","AR09678711000559255553"
"AR158931244699090944","AR16158546439415267329"
"AR249539249165041664","AR11078486059741347841"
"AR25511624701902848","AR15709030901608349697"
"AR261399028258832384","AR15884671287075799041"
"AR28558886818545664","AR01365066088433319937"
"AR307612773284577280","AR01512840451206414337"
"AR365976224876462080","AR00525647509620523009"
"AR464026514313183232","AR17912919770991165441"
"AR498824614223282176","AR15277776052915535873"
"AR531934207870500864","AR06523341327260712961"
"AR536304388633788416","AR09596885620098072577"
"AR69055927294099456","AR16935638651851767809"
"AR171558379829854208","AR15943218082231615489"
"AR179873299075956736","AR02680117179625504769"
"AR289539035506933760","AR16701094954583195649"
"AR309056019734986752","AR07344983964148301825"
"AR33527992181325824","AR02013584434774671361"
"AR359960590602469376","AR12707884501657714689"
"AR433482802848071680","AR07351978644807352321"
"AR441725360485171200","AR14434512207062499329"
"AR551717823668289536","AR10037249922627010561"
"AR562219602822561792","AR00720206916789207041"
"AR60666653574168576","AR07367519966788059137"
"AR201456162573385728","AR18066541748917633025"
"AR307967984259825664","AR09272524604662874113"
"AR474123432670265344","AR00585080923465187329"
"AR572574528455049216","AR09088739449373720577"
"AR330926611681509376","AR09286053408047890433"
"AR364664782382432256","AR11245963670884188161"
"AR376406638854144000","AR16413246108966322177"
"AR465473746493243392","AR02661342193947508737"
"AR274385325734756352","AR03800669061910626305"
"AR295460730256228352","AR07191225921657896961"
"AR32316845763592192","AR09601305381963825153"
"AR459043149658980352","AR13654545046597271553"
"AR174228475098431488","AR16632268825219301377"
"AR211004733865852928","AR14177807028302381057"
"AR251657114718568448","AR17019578393173164033"
"AR316409587861291008","AR12273043183474049025"
"AR524680695302324224","AR04985960188839198721"
"AR54118477715210240","AR02994975253500788737"
"AR550322199815258112","AR01457194167724670977"
"AR74673607078313984","AR07207096409932169217"
"AR78122156579356672","AR13685190634686644225"
"AR104639868780412928","AR01533951074459713537"
"AR117634068996161536","AR07222500155520450561"
"AR202337970898862080","AR17069117989074239489"
"AR219341299747127296","AR01783056428848644097"
"AR327237956328751104","AR10520039705947406337"
"AR356276470735175680","AR04016841844024410113"
"AR358014764258951168","AR05803363521206943745"
"AR432481491352551424","AR10993762091751440385"
"AR46697289623797760","AR17275654238965334017"
"AR48164759689756672","AR13829374817117143041"
"AR92727210049273856","AR06746107055972548609"
"AR125397892398579712","AR06749898996698841089"
"AR140392276063944704","AR10967180985833095169"
"AR262546437361893376","AR12867624849475895297"
"AR268046916078534656","AR16204426860619104257"
"AR285713181718872064","AR10025488171866783745"
"AR349031170144468992","AR08327631112348106753"
"AR435800607719161856","AR09488799229041180673"
"AR452316715477368832","AR03767736489635479553"
"AR475621860860493824","AR06646944026408779777"
"AR560675510540042240","AR15675253904403070977"
"AR104017854436737024","AR08478659617222557697"
"AR135128432865443840","AR13073664532428095489"
"AR306765187258515456","AR16068474446867857409"
"AR378890469981028352","AR00504034134675423233"
"AR412988112264757248","AR05328173562257735681"
"AR422184771116859392","AR06697328047239987201"
"AR447249856658931712","AR09872365784536186881"
"AR534853411242246144",NULL
"AR560312706062614528","AR07026090820038033409"
"AR170124547947757568","AR11588237242564345857"
"AR218914448717381632","AR14622456814839529473"
"AR233173224744026112","AR18369795851951276033"
"AR262084127082151936","AR08535064976044326913"
"AR359888847468756992","AR00161760562995265537"
"AR367607247297052672","AR14226185539924525057"
"AR439535305121333248","AR16340459126402318337"
"AR443557593533644800","AR11063567885975683073"
"AR45350662757679104","AR17203381552965222401"
"AR541269233389010944","AR13013003376412065793"
"AR558207141295423488","AR08292592975305768961"
"AR115253179645427712","AR04734196352773259265"
"AR145800533242806272","AR05882176514685927425"
"AR183646651183792128","AR03071930347206737921"
"AR313517219445211136","AR08728451479184080897"
"AR37127002976681984","AR11534194047035899905"
"AR445392575361187840","AR02084111096309874689"
"AR50905189342773248","AR03638539475325288449"
"AR558389522786680832","AR04913902594801270785"
"AR574942429824679936","AR16199162673823219713"
"AR93261332182204416","AR14201315686415859713"
"AR185393534642159616","AR05126562437264310273"
"AR211902759987838976","AR11906243767985766401"
"AR212185781152776192","AR06712492511610273793"
"AR235339949845512192","AR04071729464482988033"
"AR290250213371674624","AR04856825434374930433"
"AR333551833131778048","AR04818566415457976321"
"AR35790443513905152","AR15933130063046770689"
"AR397058593959968768","AR13727447065565331457"
"AR410208203272355840","AR16608906402152316929"
"AR466042640681402368","AR15700023702353608705"
"AR516139242301161472","AR12226987802482442241"
"AR53571367601176576","AR14893118781885775873"
"AR136630949864538112","AR00234662581963325441"
"AR198061076825243648","AR12474583939723296769"
"AR200829440945553408","AR08516782296697667585"
"AR204853309905829888","AR07117153472562069505"
"AR210917597569351680","AR15155590899133579265"
"AR215934428608724992","AR06416509478971113473"
"AR238795405653966848","AR12396633375677349889"
"AR248087240981348352","AR14010734724633329665"
"AR328635985363468288","AR09975948575965708289"
"AR569677658913243136","AR13087935918478721025"
"AR94687536202383360","AR15164598098388320257"
"AR129171931701182464","AR01152552481016774657"
"AR221743663934341120","AR05062521382504497153"
"AR255943835677360128","AR07381875190600302593"
"AR28687701477687296","AR13502267084196806657"
"AR386886737013506048","AR15213634942597595137"
"AR481932920164974592","AR02774692771800285185"
"AR532408681497624576","AR06508176862890426369"
"AR564694809655115776","AR17091991816661630977"
"AR98744940267307008","AR16001764877387431937"
"AR12920154979565568","AR10545530371208904705"
"AR147304252832743424","AR12772683944562786305"
"AR154750867130548224","AR13877557065913729025"
"AR15909211699412992","AR14489242185041444865"
"AR234393029815828480","AR02641982817839349761"
"AR376097538647785472","AR18240419204928897025"
"AR428865816084086784","AR11097344883180961793"
"AR95758941564174336","AR09286897832978022401"
"AR206541919247925248","AR14686713786195247105"
"AR25953147339931648","AR17084897767639220225"
"AR304879387377926144","AR06881131207032045569"
"AR36549209616285696","AR13348300271936077825"
"AR501074180653973504","AR13290597901710393345"
"AR512987526579879936","AR04792305404862267393"
"AR516513591650680832","AR05714364239691382785"
"AR530555248490577920","AR15013727510871408641"
"AR535263907036528640","AR10537149481265135617"
"AR70718388875296768","AR15919855659164631041"
"AR216849806398586880","AR04476366923373740033"
"AR237689846712238080","AR01293008494395392001"
"AR261128857636044800","AR11223445672747335681"
"AR384176440851038208","AR15526011968484802561"
"AR392402334015029248","AR11256131954417860609"
"AR417667461953880064","AR06413966583453974529"
"AR467648477413769216","AR11132529255269793793"
"AR50552280469995520","AR14227346624203456513"
"AR511070596776329216","AR00089702968957337601"
"AR511245144247238656","AR05810118920647999489"
"AR570269230528724992","AR11033133404118843393"
"AR154212209512153088","AR16194240572582526977"
"AR2442977397964800","AR02977354755031957505"
"AR383692277777694720","AR07201731205505482753"
"AR386476825334775808","AR08304250684778217473"
"AR40506489403604992","AR15907189285212651521"
"AR502251482729414656","AR01428116483216506881"
"AR561713071559540736","AR17660080200236400641"
"AR68706763632803840","AR18276082689209532417"
"AR127456727921590272","AR03499070823388413953"
"AR165818929132863488","AR09457833683068125185"
"AR171088441688195072","AR12353547500714459137"
"AR225599238896091136","AR02824232367701360641"
"AR265378126480015360","AR17773308182542680065"
"AR288912897994653696","AR10547905728641761281"
"AR433016575558156288","AR16323772250744422401"
"AR149095872670466048","AR13945871647492800513"
"AR210344889450233856","AR14056209838363377665"
"AR31188025278988288","AR05774534601204563969"
"AR364932324485234688","AR01237985634006597633"
"AR431214372921016320","AR12536121406506663937"
"AR472478838153019392","AR02058620431048376321"
"AR135728353897349120","AR14923847657980952577"
"AR152236180958609408","AR12615057957604818945"
"AR178471181232373760","AR09045955252913700865"
"AR320529423570829312","AR06400090471833534465"
"AR376449073131028480","AR02416033453209288705"
"AR378701113462882304","AR05359758957910949889"
"AR397011349319712768","AR13571093213560700929"
"AR6845147077672960","AR07449429185010860033"
"AR163186663936229376","AR00441763156197376001"
"AR188133861215961088","AR06025429273328746497"
"AR248619610767622144","AR12552122186908827649"
"AR25261898123444224","AR10867661302185066497"
"AR290755885641236480","AR08436708163381624833"
"AR393227551851413504","AR15844138890429464577"
"AR450089276718186496","AR09709391773020717057"
"AR463888834841542656","AR06166893951186894849"
"AR60501039635234816","AR00473353362213961729"
"AR103201123455729664","AR04346449041752588289"
"AR237340030215913472","AR07824582140091170817"
"AR239577089701838848","AR04801062327782735873"
"AR266504026386857984","AR06585728716532350977"
"AR107014470299025408","AR04390724450857779201"
"AR169844997116395520","AR02512621563979759617"
"AR232802173929390080","AR01829020687814098945"
"AR301132801506279424","AR00126576190906433537"
"AR310832693086519296","AR17571216158651056129"
"AR369882789689950208","AR17384369962990174209"
"AR483986429928538112","AR09907550156625018881"
"AR103535993465864192","AR18167996298152640513"
"AR127338633500819456","AR09336802741617426433"
"AR19382397132865536","AR02161358797547765761"
"AR248500622993653760","AR17952814176015482881"
"AR257770193210572800","AR00990422894431436801"
"AR286081037077839872","AR00215803758523711489"
"AR289916580312121344","AR03773487760082468865"
"AR433616634029015040","AR11034294488397774849"
"AR482589225527541760","AR10418349998663008257"
"AR498626014935515136","AR05283394576827023361"
"AR6409070458175488","AR14244600435544424449"
"AR74433260708429824","AR04832837801508601857"
"AR163035515447148544","AR18342253085675487233"
"AR229699008518422528","AR11417100456724267009"
"AR293830360670666752","AR03706937894665977857"
"AR369036028297609216","AR03616865902118567937"
"AR391766369617575936","AR04654322468012425217"
"AR468530113940553728","AR10941033774690861057"
"AR510715557599772672","AR12263777186669920257"
"AR117515184301408256","AR03677041348873027585"
"AR135263054320369664","AR17185095162766819329"
"AR144672571751661568","AR01729857658250330113"
"AR177245225767403520","AR17048091203582558209"
"AR182577066888134656","AR05157096974679277569"
"AR399156187267858432","AR12151187195985657857"
"AR428926529741783040","AR00308971975814938625"
"AR491489669075173376","AR16019779275896913921"
"AR497759702852042752","AR05796608121765888001"
"AR188492817402691584","AR13029316555555471361"
"AR213465440888815616","AR02270289613534789633"
"AR445223284930248704","AR00293737142700474369"
"AR492574199857020928","AR13934612648424374273"
"AR61014855162789888","AR09824180374643671041"
"AR72391845572771840","AR16491812811840684033"
"AR75101042223611904","AR15801857445661245441"
"AR133964496728227840","AR04886880997037047809"
"AR164921865083551744","AR02666606380743393281"
"AR249968402297257984","AR16366556447204442113"
"AR272410946448654336","AR07408896788364525569"
"AR305823318110371840","AR04179815855539879937"
"AR394048887037362176","AR01938377427117932545"
"AR42449944925175808","AR16357549247949701121"
"AR443700530045255680","AR01948282240177799169"
"AR452651929084887040","AR09435516620681248769"
"AR562822410072489984","AR16740355216276193281"
"AR182794289154097152","AR05692824394586390529"
"AR18506498682388480","AR14254368221967679489"
"AR230866930385289216","AR18091698574961147905"
"AR316191437882392576","AR12160194395240398849"
"AR32299047419117568","AR09006830231150919681"
"AR475727070379376640","AR09827329788262481921"
"AR92745386350870528","AR03369167922613190657"
"AR251000500118355968","AR05787600922511147009"
"AR377711140681023488","AR16262973655774920705"
"AR500643790571175936","AR13822022657740111873"
"AR528019499799019520","AR05783097322883776513"
"AR91439991170793472","AR10757323111314489345"
"AR11949423651192832","AR00017645374919409665"
"AR214086664958509056","AR09728250596460331009"
"AR365411934893244416","AR00818969449242558465"
"AR573194996610498560","AR17183695484464660481"
"AR189671596946882560","AR05494022521801932801"
"AR297610172409315328","AR09372466225898061825"
"AR416552179206193152","AR16938513599880495105"
"AR467843228410839040","AR14997462160483811329"
"AR470644784038412288","AR07791702756691017729"
"AR486321689546719232","AR12573681136028352513"
"AR98812044836339712","AR04020304893335044097"
"AR175316373134639104","AR15870316063263555585"
"AR198101552597041152","AR15105548551540703233"
"AR227104401595039744","AR09830970958456815617"
"AR360780070362546176","AR17253765573796429825"
"AR371490138250805248","AR06647788451338911745"
"AR433358248796487680","AR05832636918784851969"
"AR88821572948721664","AR09701228998696108033"
"AR175823110556090368","AR01254104749347700737"
"AR337332091547025408","AR11268481669021040641"
"AR369562728727052288","AR17378886698502455297"
"AR413578034612797440","AR01155648705760591873"
"AR414531620431724544","AR16367547107181068289"
"AR443573776970416128","AR04822986177323728897"
"AR518968285719429120","AR04362211640448385025"
"AR574309214206296064","AR11927635866215776257"
"AR115992360696938496","AR03579088056977719297"
"AR166681908321714176","AR04769787406725414913"
"AR292348528234070016","AR01657800064212402177"
"AR301644143132672","AR14350435026787631105"
"AR458708795044921344","AR12152671536683155457"
"AR161719056431316992","AR15852301664754073601"
"AR194591430444843008","AR05030996185112903681"
"AR223234223744483328","AR05841150162440814593"
"AR306672725202567168","AR07546093849278414849"
"AR393285344931348480","AR06219946486738714625"
"AR408789764553048064","AR14308776730234454017"
"AR454137678531657728","AR16212589634943713281"
"AR533983800623890432","AR13222199482369703937"
"AR16258718958092288","AR13561453795119988737"
"AR4169348092526592","AR09232010212519444481"
"AR453013565331210240","AR13818584759757963265"
"AR530085997543686144","AR06812169837737934849"
"AR536334900081459200","AR11304510466040004609"
"AR56716589331906560","AR04202333853676732417"
"AR206807382586556416","AR12210318931327451137"
"AR263340593994792960","AR15479347320612454401"
"AR355328966589939712","AR04678852984744968193"
"AR546806373946490880","AR11704468403442941953"
"AR18277868983287808","AR09408495022917025793"
"AR199829297681137664","AR17060110789819498497"
"AR302175516486533120","AR16598373767952990209"
"AR399880112595533824","AR11202208880534749185"
"AR435802085187911680","AR08904091864651530241"
"AR443458774926098432","AR07424659387060322305"
"AR484881879070146560","AR14586772164960059393"
"AR140391451430223872","AR11615258840328568833"
"AR293573865223749632","AR17853734984213331969"
"AR322025996335185920","AR11871964019088687105"
"AR405745560453120000","AR12574525560958484481"
"AR427471085584252928","AR09383953511068205057"
"AR440234766315290624","AR14074224236872859649"
"AR473443109850578944","AR04160957032100265985"
"AR485954693181210624","AR14128795197982638081"
"AR91224761769656320","AR14718238983586840577"
"AR275842109922082816","AR04639376119261298689"
"AR313394623898714112","AR10411953314890514433"
"AR323776178328436736","AR01554259054224736257"
"AR392814169839108096","AR09118012846951628801"
"AR460495260921888768","AR16662949597680762881"
"AR466701557384085504","AR17519843264549617665"
"AR537081124879335424","AR16483650037516075009"
"AR556921537324646400","AR10561919279215673345"
"AR91742906624245760","AR09764279393479294977"
"AR134336028579201024","AR10488035396364009473"
"AR172483412706197504","AR14457030205199351809"
"AR204314755366649856","AR01405598485079654401"
"AR216664882286690304","AR02801714369564508161"
"AR265073183801999360","AR02082491515682160641"
"AR273289731117154304","AR10858654102930325505"
"AR330708289903919104","AR00461471214930493441"
"AR482377260301549568","AR01400334298283769857"
"AR482626986880008192","AR15817117292665241601"
"AR53209559556161536","AR16074684076224675841"
"AR92942748688056320","AR11205431274237853697"
"AR118541234808553472","AR03162002339754147841"
"AR214129889509376000","AR14735408957166190593"
"AR223655955173212160","AR12065984115803947009"
"AR307150703523004416","AR02093265630122737665"
"AR42405277265297408","AR02959340356522475521"
"AR435389012413251584","AR00918365300393508865"
"AR242981074622218240","AR07549499036789637121"
"AR330731551446794240","AR13037635735409131521"
"AR353264770947743744","AR18397679879148535809"
"AR381991711246647296","AR05836296093482090497"
"AR411010915480109056","AR00987062374580092929"
"AR460756532372439040","AR06021788103134412801"
"AR53986364521185280","AR06183917689719750657"
"AR572473751342415872","AR17545338465296580609"
"AR154431940039016448","AR09334185629065412609"
"AR375970648133992448","AR01107516484743069697"
"AR505736556632342528","AR00957060413109829633"
"AR543232651918573568","AR04658127602878251009"
"AR70129085002547200","AR10156092561060528129"
"AR101183107301900288","AR01288099862172139521"
"AR130593428437204992","AR09766531193292980225"
"AR137549557469806592","AR10253089002961764353"
"AR173274614401597440","AR01363179601357963265"
"AR421406145085702144","AR02517227005871652865"
"AR120222353727684608","AR03988778184114962433"
"AR144266714522058752","AR07541129829156913153"
"AR20207580609511424","AR15614455309433569281"
"AR350656935525089280","AR00329238174138105857"
"AR385851632715300864","AR16967540157097967617"
"AR405335305177006080","AR15898182085957910529"
"AR431080232502427648","AR16934010000253124609"
"AR456709230070595584","AR14258871821595049985"
"AR46450414903623680","AR15161373917978820609"
"AR513086345187426304","AR13305099360569131009"
"AR112058857848569856","AR04188823054794620929"
"AR147589644819628032","AR05349907333726076929"
"AR245746140207644672","AR05605503792448536577"
"AR360266667151851520","AR09804811790125629441"
"AR372463858876416000","AR11838291338049093633"
"AR399626778244546560","AR13295101501337763841"
"AR402163179771133952","AR09147286244529537025"
"AR403269528986845184","AR17190715179013242881"
"AR416282833217126400","AR06373068874069311489"
"AR494327508586463232","AR13217009375169740801"
"AR530713062768902144","AR00244757198217936897"
"AR544772036916936704","AR06263095995937062913"
"AR89037214666719232","AR15483850920239824897"
"AR20873815936466944","AR15510010088571011073"
"AR222066164438663168","AR13708588242125717505"
"AR356884638104289280","AR09376916636650438657"
"AR429759512879038464","AR00167108587552768001"
"AR556213176958451712","AR03806017086468128769"
"AR265047929394298880","AR09888656148813316097"
"AR337370849331904512","AR13029389123322904577"
"AR380975762502582272","AR07143184410349666305"
"AR382988968293040128","AR15240656540361818113"
"AR416825064248311808","AR07295462372750131201"
"AR44610828871139328","AR10678510117835505665"
"AR511464599896195072","AR14870748118307045377"
"AR67405491621330944","AR09602149806893957121"
"AR97319492161372160","AR15834287266244591617"
"AR253569577756131328","AR16271980855029661697"
"AR308162322940035072","AR05423800012670763009"
"AR337735268717035520","AR15024483758248034305"
"AR406654478612168704","AR12705495262890557441"
"AR43693526935928832","AR07684949660921757697"
"AR454242991129755648","AR12040088417946566657"
"AR513725024004210688","AR07745822335487180801"
"AR347703784731836416","AR12282294336871202817"
"AR45320872864514048","AR11158639770211450881"
"AR510915703075766272","AR14474182174275796993"
"AR55001694789959680","AR09583290983454343169"
"AR550561549752729600","AR03288103129320521729"
"AR138361168849797120","AR12295302384061513729"
"AR427516749676544000","AR03699202830364573697"
"AR489432207941697536","AR04166305056657768449"
"AR164779890644615168","AR09512605579927879681"
"AR189624730263748608","AR12754669546053304321"
"AR344946965483618304","AR07710637963398348801"
"AR414369030149767168","AR12957331529284976641"
"AR443277183708823552","AR14870498941484400641"
"AR56693499587723264","AR15114555750795444225"
"AR67219742875713536","AR02179373196057247745"
"AR77576111617212416","AR06620766853574688769"
"AR108481940364984320","AR12365610929977556993"
"AR153595933244784640","AR05620967736298438657"
"AR181511983718203392","AR01347051689923837953"
"AR202378549749874688","AR03413700342561374209"
"AR206312361835888640","AR01161559680271515649"
"AR368971157111570432","AR03702434295038607361"
"AR48007563886723072","AR17771679530944036865"
"AR507115859609649152","AR12358352778844700673"
"AR508153626787577856","AR10732553313363951617"
"AR284811341665927168","AR11106055076857249793"
"AR348429943442505728","AR01692984436301234177"
"AR358916054556082176","AR01611901638505660417"
"AR402155723707908096","AR07561332668122529793"
"AR511270501734154240","AR05463341749340471297"
"AR112672728934252544","AR14582268565332688897"
"AR126374499242213376","AR15853146089684205569"
"AR181448108964577280","AR09105993260714688513"
"AR299644440719392768","AR04857617082746929153"
"AR326363088670425088","AR08845545069495713793"
"AR344046018783870976","AR09583305964300271617"
"AR418326790973423616","AR00702192518279725057"
"AR454464439643537408","AR06382076073324052481"
"AR46180622237958144","AR10605432864201768961"
"AR468135801583042560","AR17044348191123701761"
"AR92872689181523968","AR11300351013552128001"
"AR309934117208719360","AR16671956796935503873"
"AR310022490455801856","AR14353447413769830401"
"AR542034940158541824","AR00355499184733814785"
"AR569414291518652416","AR10439819337584869377"
"AR143876834570797056","AR16089243122004918273"
"AR236450319150612480","AR04193326654421991425"
"AR333685629952983040","AR14461533804826722305"
"AR434950135475077120","AR15963484280554782721"
"AR571922999096115200","AR09736958316235456513"
"AR128295758372798464","AR16741345876252819457"
"AR135243915946098688","AR14619159791784689665"
"AR158626851776888832","AR08448850207726108673"
"AR20853818568736768","AR08836537870240972801"
"AR232289457913462784","AR15042924354952232961"
"AR233186247084867584","AR07953832343276355585"
"AR264107846952550400","AR15456829322475601921"
"AR290526843625275392","AR08025889937314283521"
"AR526034331555069952","AR00867921081300680705"
"AR535529439094636544","AR14478685773903167489"
"AR86926186701127680","AR09298156832046448641"
"AR174910034868699136","AR11935014413871874049"
"AR285889653335130112","AR04033302632603844609"
"AR332197922001125376","AR13067546162536382465"
"AR494646092080611328","AR16639389537398685697"
"AR538739600730882048","AR14515577000355168257"
"AR111703784312274944","AR03143227354076151809"
"AR176432033839448064","AR00666163721260761089"
"AR256114672296525824","AR07274962665645015041"
"AR260783610984923136","AR09444523819935989761"
"AR379757675417698304","AR13826891570105810945"
"AR410839013709053952","AR03533549309012213761"
"AR477901973098594304","AR07192724006250741761"
"AR489327204581244928","AR05692180905406234625"
"AR116435223364763648","AR12102700932223991809"
"AR158500579738386432","AR00558921755134001153"
"AR164198867468812288","AR04557273799308869633"
"AR173968062641340416","AR06559968258605187073"
"AR185607595812192256","AR02927815159130882049"
"AR512013771594530816","AR15245160139989188609"
"AR106878165216919552","AR15411793326201896961"
"AR15363475974914048","AR07529649553373396993"
"AR293801257972269056","AR15582930112041975809"
"AR421297465233244160",NULL
"AR531227221893840896","AR06724750142114627585"
"AR560539411616366592","AR04062722265228247041"
"AR18920327371292672","AR09515197816029315073"
"AR254313775329443840","AR06368565274441940993"
"AR35731241684697088","AR13191518709908242433"
"AR442603629757595648","AR17289794370815393793"
"AR464312352976666624","AR07571026374949863425"
"AR522727859572178944","AR14843790292217233409"
"AR528244727884021760","AR09486296603137409025"
"AR127552247994253312","AR04434269234486312961"
"AR287783012358160384","AR16167535634167103489"
"AR48906517721645056","AR03854395598090272769"
"AR534002114364440576","AR00986003132565684225"
"AR68120552136507392","AR16287743453725458433"
"AR169124061085958144","AR03178267690141745153"
"AR377150836427456512","AR08515033248575782913"
"AR42946752382238720","AR00677669010933809153"
"AR445636392064647168","AR03310363429419614209"
"AR526478809130598400","AR17258269173423800321"
"AR90404697894027264","AR07625434883216637953"
"AR132151883090362368","AR09504061275068432385"
"AR194827103890309120",NULL
"AR457973462284107776","AR08989660257571569665"
"AR48802957470203904","AR17368607364294377473"
"AR525791751802191872","AR03391685920750043137"
"AR172076249806536704","AR04332938242870476801"
"AR250404461736886272","AR13079333476941955073"
"AR315761425756717056","AR02072160092110716929"
"AR40970689468956672","AR11186572450798239745"
"AR451284377138102272","AR05149580988069707777"
"AR520628513917632512","AR10705531715599728641"
"AR551819734652289024","AR11361033747483852801"
"AR18442349050855424","AR05237227183088336897"
"AR235441860829511680","AR05205774141147316225"
"AR39762669787414528","AR16943017199507865601"
"AR417833831807057920","AR16600743627827707905"
"AR41869196627279872","AR10268682551744790529"
"AR462314987025596416","AR03165160824343887873"
"AR569359023879487488","AR15286593792572915713"
"AR126754861545947136","AR09066221451236868097"
"AR162032279806279680","AR06560836460474269697"
"AR274035268720263168","AR01937023241109372929"
"AR13945140334821376","AR17593071151276359681"
"AR24548040199110656","AR00074784795191672833"
"AR333429443743711232","AR02110914578454937601"
"AR41503299773399040","AR16750405439748833281"
"AR430995810625257472","AR01637763526380486657"
"AR439956177556602880","AR01130878907810054145"
"AR529105267531448320","AR06197956254183194625"
"AR153632663805100032","AR04096332548982964225"
"AR453403410922733568","AR00185122986062249985"
"AR97770772965097472","AR08142139102695784449"
"AR208075909767364608","AR10209375169420460033"
"AR309084194720448512","AR03547562859586125825"
"AR323065584579248128","AR04666204615295893505"
"AR345112991739412480","AR11971043210890838017"
"AR410825579051352064","AR13192509369884868609"
"AR448081705924820992","AR13254569104691429377"
"AR459498347472879616","AR06584738056555724801"
"AR477122419354501120","AR00222142443057840129"
"AR497587285684912128","AR12152177855962284033"
"AR73057599863390208","AR15386477758167121921"
"AR170478418893209600","AR03419979653467602945"
"AR31083674753564672","AR06018913155105685505"
"AR390656481348812800","AR13930109048797003777"
"AR462359414167306240","AR13489723443230277633"
"AR67163083667144704","AR09422996481775763457"
"AR82785460270661632","AR14398483410043535361"
"AR91112164907024384","AR18068917106350489601"
"AR100838960162406400","AR00287861352561639425"
"AR123053424370515968","AR08142983527625916417"
"AR19038799749185536","AR17863380175090089985"
"AR25250421970829312","AR06068880186152058881"
"AR434979994087718912","AR15005624934808420353"
"AR193330771644121088","AR08206033922409103361"
"AR283401561600688128","AR07937309157412044801"
"AR359276350772609024","AR05175111373188759553"
"AR449020757574418432","AR11708990007573217281"
"AR459788755981565952","AR13583331877489475585"
"AR63171272342765568","AR10421804939075387393"
"AR81539232560054272","AR16971392983280648193"
"AR168817297341808640","AR11547704845918011393"
"AR308536741009031168","AR08714940680301969409"
"AR480068698200080384","AR01773380726524215297"
"AR504648280639012864","AR11980230317735673857"
"AR574309076767342592","AR13069921519969239041"
"AR275520330972266496","AR15279535408958930945"
"AR307730524107964416","AR14126015632587620353"
"AR382830604258902016","AR02263134953933897729"
"AR454258075054899200","AR08363659909367070721"
"AR509259185729306624","AR17578024746967105537"
"AR92864271045623808","AR01608260468311326721"
"AR168993047403560960","AR04174449826479472641"
"AR183066280843018240","AR04641663103447072769"
"AR212051812532879360","AR06232612860690694145"
"AR267873949155590144","AR01378576887315431425"
"AR368202357965586432","AR10997540426021339137"
"AR508859788130516992","AR12264379856480894977"
"AR543384487602421760","AR15292252223006834689"
"AR136472963787522048","AR07368364391718191105"
"AR230035974472597504","AR07841242352592093185"
"AR276415436516491264","AR07989861140295319553"
"AR409835984226615296","AR11376933372816261121"
"AR488622864304439296","AR07875019349797371905"
"AR562384426487513088","AR01550141520617668609"
"AR167078488421957632","AR00036504198359023617"
"AR211468899571466240","AR16959870513738416129"
"AR29948291558932480","AR14597632453624463361"
"AR329777690749960192","AR14146281830910787585"
"AR363000671533793280","AR07313476771259613185"
"AR392354814496866304","AR03450232715905859585"
"AR571631937752399872","AR02188464233073606657"
"AR118947263836848128","AR17237242387932119041"
"AR214322785080573952","AR08800509073222008833"
"AR260969394090278912","AR08289350515515457537"
"AR277327447051993088","AR14767778579487916033"
"AR359562086356877312","AR11925162789687001089"
"AR376795488013254656","AR13015015895007756289"
"AR420382259242074112","AR04008679069699801089"
"AR488197181505798144","AR18103203864634195969"
"AR54249044721008640","AR08745402649949503489"
"AR157504181685452800","AR05646447818760519681"
"AR324202342163415040","AR15551404914650382337"
"AR443460630351970304","AR07103017326441660417"
"AR451642027654774784","AR17305487287961780225"
"AR26599213500465152","AR09685831712738639873"
"AR290223034818625536","AR12763676745308045313"
"AR317530643045023744","AR01873972846326185985"
"AR345890346460250112","AR10291200549881643009"
"AR395590883375841280","AR18395930831026651137"
"AR403311241709223936","AR10597445324542836737"
"AR45681684477116416","AR15846900451321577473"
"AR534776651586732032","AR15319278906012336129"
"AR192254418480005120","AR09646323373734625281"
"AR196103568170680320","AR01792063628103385089"
"AR203940302937915392","AR01247972498121687041"
"AR211815795490029568","AR07020391638954409985"
"AR264204810134224896","AR12849245138228084737"
"AR285952669095297024","AR13024885523695534081"
"AR362001971378388992","AR17677103938769256449"
"AR413723307586617344","AR07572017034926489601"
"AR448115172309991424","AR02376985809577312257"
"AR502069032518680576","AR01900994444090408961"
"AR503515062107897856","AR11236956471629447169"
"AR525933073406099456","AR17820458539676598273"
"AR551085467043364864","AR08711427740651225089"
"AR555325046441115648","AR12335834780707848193"
"AR82546866247434240","AR06621132166313017345"
"AR133067089081532416","AR13613994645448032257"
"AR173112367717023744","AR04002264656302309377"
"AR209522008076058624","AR14891771192946982913"
"AR432826188247859200","AR01072332112654237697"
"AR90470737311170560","AR08937868861856808961"
"AR121627632667197440","AR14644432341427027969"
"AR250816538079133696","AR16467887438820278273"
"AR270159146634969088","AR00104058192769581057"
"AR415543652165615616","AR09095997600506576897"
"AR472872600754716672","AR14727246182841581569"
"AR474941125723947008","AR15576684473679347713"
"AR487611416686100480","AR08601506264687575041"
"AR521907830056288256","AR01053632580961697793"
"AR539706071451697152","AR08942875213175980033"
"AR561489801979625472","AR10047245582835122177"
"AR562439780026023936","AR00257180580100177921"
"AR83633527333060608","AR10403790540565905409"
"AR136416613816598528","AR09120264646765314049"
"AR140998381848756224","AR05046758783808700417"
"AR20821486054932480","AR00971872621442367489"
"AR25008873010102272","AR18312111486228496385"
"AR280079284138147840","AR06101181226436001793"
"AR354903043273129984","AR12997103338762797057"
"AR358975634342412288","AR03229556334164705281"
"AR46561912254627840","AR04953590566517473281"
"AR107555258221199360","AR02288304012044271617"
"AR123872732331900928","AR14767017992319401985"
"AR260140327963197440","AR04350090211946921985"
"AR324103145598746624","AR05367539514505953281"
"AR416683089809375232","AR09611157006148698113"
"AR436463716309925888","AR17528485151066030081"
"AR475104128322764800","AR08106954730606952449"
"AR493211710442700800","AR03762609741793067009"
"AR11501097784967168","AR15943017146481639425"
"AR154360231265042432","AR07961995117600964609"
"AR21388593536696320","AR11439618454861119489"
"AR268777988231790592","AR15776584896018907137"
"AR283227426446639104","AR16757208530506743809"
"AR404207962161152","AR00761583738365673473"
"AR436514912320094208","AR12699781925594726401"
"AR448464232892071936","AR01255818613097496577"
"AR469707759613378560","AR04146569922450817025"
"AR246403579441577984","AR02980995925226291201"
"AR255575774159962112","AR04949931391820234753"
"AR400032566754672640","AR13879707023462891521"
"AR453424954478690304","AR12515218178634153985"
"AR486909172353335296","AR08538455869904388097"
"AR516410478075838464","AR04328359601574510593"
"AR572981553915756544","AR10375924517871550465"
"AR226543959902519296","AR03494840589839499265"
"AR359853903614836736","AR13823294792693448705"
"AR413786701303906304","AR12226036862363369473"
"AR429672307863060480","AR01003915688810643457"
"AR543271375343714304","AR01261483297003798529"
"AR225447540651196416","AR04753989623657529345"
"AR26403912747581440","AR14391874245648973825"
"AR336266492981018624","AR05863401529007931393"
"AR360074664933851136","AR17761827906759163905"
"AR36330441162096640","AR14795200674362556417"
"AR40205017059164160","AR13790497460348518401"
"AR62582002829754368","AR07169361583183757313"
"AR65485194563420160","AR12178208793749880833"
"AR127038054509576192","AR08449228302287110145"
"AR161744139040325632","AR01555207932759506945"
"AR22602316934807552","AR09218481409134428161"
"AR248850748727623680","AR04412253988041261057"
"AR346442919772684288","AR09096902223698329601"
"AR365806487768924160","AR02491956655252570113"
"AR376546689147731968","AR07062265852103491585"
"AR509527122969100288","AR03801378246910541825"
"AR513943998616829952","AR09752103676591210497"
"AR232333885055172608","AR07854753151474204673"
"AR303769121152040960","AR10799422174591451137"
"AR323796244415643648","AR06946206352477782017"
"AR329703989111160832","AR10235773756408594433"
"AR346365438562664448","AR11525186847781158913"
"AR346410449819926528","AR15756371474253873153"
"AR362657245948805120","AR04800151519838076929"
"AR375177522293243904","AR14951102627088171009"
"AR409561621715746816","AR02261282414280048641"
"AR455958675945684992","AR02827891542398599169"
"AR205224979195756544","AR12150264293413093377"
"AR222685326924054528","AR08848376999132004353"
"AR267620271207219200","AR14664698539750195201"
"AR394866854968950784","AR09071715710840864769"
"AR409979951530377216","AR07025194443183489025"
"AR48036116829306880","AR02717742192650092545"
"AR514936273501159424","AR15600100085621325825"
"AR53312844929695744","AR17483449154792325121"
"AR533408756042563584","AR01200061553819254785"
"AR544183351519477760","AR02761181972918173697"
"AR552547061594062848","AR14521071259959164929"
"AR67037258305241088","AR01796651065492373505"
"AR153698565783289856","AR17344169206538567681"
"AR207210250518921216","AR12836262104927305729"
"AR368763143255490560","AR14366958212651941889"
"AR416560322464186368","AR04356798607265890305"
"AR45463946815078400","AR06804434773436530689"
"AR103347513121046528","AR11020906285062160385"
"AR190451459928621056","AR08567105569511440385"
"AR193081904059121664","AR18046531049608970241"
"AR209342856400207872","AR10956884471755833345"
"AR358652137405677568","AR03559591241916088321"
"AR375651446164553728","AR13096098692803330049"
"AR456966859388878848","AR05068578317184008193"
"AR486589214469652480","AR00549914555879260161"
"AR508144521456910336","AR05134578976542425089"
"AR67258638099546112","AR17321319568206987265"
"AR111497660241805312","AR07790676500025442305"
"AR181141998055456768","AR11133373680199925761"
"AR196997780361707520","AR16549454983804747777"
"AR348458358946136064","AR17974341514175709185"
"AR38741498363117568","AR13150986313261907969"
"AR412103108483612672","AR16074187784163688449"
"AR446060975351660544","AR06867704245911552001"
"AR502317041110220800","AR07341342793953968129"
"AR111944714797711360","AR01684821661976625153"
"AR207010586079264768","AR08296656357965168641"
"AR305084171418599424","AR16267477255402291201"
"AR30876519890944000",NULL
"AR309356530006753280","AR00120049077567094785"
"AR34355993156517888","AR09003440161924579329"
"AR396455236954226688","AR06119743181736116225"
"AR455786430577246208","AR00654585039186558977"
"AR460524775937146880","AR10564759042872311809"
"AR461225096124563456","AR10559164727710187521"
"AR175593587503792128","AR07871018501861801985"
"AR272082329910902784","AR02031598833284153345"
"AR296855907432660992","AR13695921868173737985"
"AR377333286638190592","AR05985759306115448833"
"AR439664841334980608","AR17927053718088318977"
"AR489511956894449664","AR14011173842089672705"
"AR521256953532383232","AR12412395974373146625"
"AR74852174638612480","AR03358181464989499393"
"AR76950077184147456","AR04546236076955533313"
"AR170447288970248192","AR08261705769536192513"
"AR423958730049060864","AR13018262065649811457"
"AR428194358076899328","AR01548869248225378305"
"AR5420489245720576","AR18358638695147372545"
"AR556464587164090368","AR16997425707774640129"
"AR156232665207406592","AR04616665019394818049"
"AR170252984649777152","AR05972248507233337345"
"AR279398445922385920","AR10270934351558475777"
"AR283709012539604992","AR16275323370378100737"
"AR348630054558760960","AR05043662559064883201"
"AR429228758000467968","AR07562019175695122433"
"AR227559908646584320","AR12871400984722538497"
"AR237744547415719936","AR01015892943849914369"
"AR305030913824129024","AR07153182269581033473"
"AR384129539808165888","AR09403954177333264385"
"AR524341977001492480","AR16895113264592060417"
"AR64172789996716032","AR18361651082129571841"
"AR68345642782556160","AR13215027368021721089"
"AR102653875902742528","AR04607657820140077057"
"AR145341212260302848","AR14182310627929751553"
"AR153285458648891392","AR14785792977997398017"
"AR15418692074471424","AR06730125379584917505"
"AR202925453705478144","AR10237157354353197057"
"AR571517348024942592","AR05418305753066766337"
"AR15809568458145792","AR16350905998694678529"
"AR178365731195322368","AR08985156657944199169"
"AR196260351656853504","AR02444180950880354305"
"AR241851532583108608","AR06791903639414767617"
"AR320273099922604032","AR04468046231691591681"
"AR4057232266231808","AR03405196719632154625"
"AR453512812329697280","AR11347171104880852993"
"AR496133353355870208","AR14402569057813397505"
"AR503860377478496256","AR11884714230802284545"
"AR53945888749387776","AR00657138517503115265"
"AR78888241306009600","AR01522692075391287297"
"AR96428475426013184","AR09246365436331687937"
"AR138124395892703232","AR08181264124458565633"
"AR181906811471790080","AR15008721159552237569"
"AR218788795154169856","AR18115518394865287169"
"AR245473049007095808","AR06981054823764328449"
"AR303649068226183168","AR05646345564179136513"
"AR34578884779311104","AR03980813047005446145"
"AR462198438793052160","AR10602314236908535809"
"AR508420464515743744","AR16390565657986465793"
"AR563748473740984320","AR02253629401033867265"
"AR161695520010534912","AR12310297523641122817"
"AR182414407886700544","AR13988655843952820225"
"AR199493190720421888","AR02575689963265851393"
"AR252629529674121216","AR05579455674791755777"
"AR266162112630358016","AR18120981868143706113"
"AR273452561917280256","AR05485859747477323777"
"AR27896946458886144","AR04486746313139945473"
"AR401127611616460800","AR00153597788670656513"
"AR495770548878442496","AR03364664322985820161"
"AR524771817328476160","AR07444925585383489537"
"AR576049019558559744","AR01840195849120907265"
"AR60585289713713152","AR10834975020514541569"
"AR103276508721709056","AR06787400039787397121"
"AR112924688895705088","AR18396919291980021761"
"AR198611897791021056","AR06070000038744948737"
"AR35594730444161024","AR12070793104785932289"
"AR362903983230025728","AR11467079444959592449"
"AR386457893118935040","AR12756921345866989569"
"AR415138688289210368","AR10447982111909478401"
"AR443219115750981632","AR12766431296813531137"
"AR468994588883812352","AR06910435253496578049"
"AR564175977605758976","AR16091836869934841857"
"AR96759703303880704","AR16789894812177268737"
"AR255281723519008768","AR16377217311947358209"
"AR287940139441717248","AR13925605449169633281"
"AR304489095109804032","AR04926652806514868225"
"AR328117496911495168","AR14200325026439233537"
"AR494537652746321920","AR07759315129866387457"
"AR533989847937843200","AR17798701128708259841"
"AR98551701098725376","AR13232051106554576897"
"AR103738544123543552","AR03352186927594864641"
"AR150904156981297152","AR09067425004152422401"
"AR388900183322132480","AR16326024050558107649"
"AR53511169339555840","AR01302015693650132993"
"AR244450262675095552","AR17135692318624448513"
"AR313492274275155968","AR01999229210962427905"
"AR456008085249458176","AR06307766679472439297"
"AR466924449006878720","AR10008464433333927937"
"AR54008835790077952","AR17987852313057820673"
"AR93352007531757568","AR16395829844782350337"
"AR174093029009784832","AR15528042491583397889"
"AR283486533233672192","AR12420540744194850817"
"AR3015238840483840","AR02124450391226580993"
"AR458956631837769728","AR15052496015988883457"
"AR566872667311833088","AR03227844806877118465"
"AR66889545789997056","AR01207440101475352577"
"AR68327844438081536","AR01536202874273398785"
"AR181242191052537856","AR11146884479082037249"
"AR223325242691420160","AR10360742048998359041"
"AR417402307852894208","AR09727406171530199041"
"AR434536890901725184","AR04719403385894207489"
"AR464362861792067584","AR07399889589109784577"
"AR511982194994970624","AR05739764882438356993"
"AR66188504048074752","AR09964689576897282049"
"AR146719759323365376","AR03500426796103368705"
"AR205405883218264064","AR05800267296463126529"
"AR244240359033405440","AR13145620284201500673"
"AR312917848169119744","AR08656393885146152961"
"AR344616493519994880","AR17010571193918423041"
"AR490588138259873792","AR04409499436535775233"
"AR494344035620618240","AR10183114158824751105"
"AR59163724258213888","AR08196899592122400769"
"AR164783189179498496","AR08413199505268146177"
"AR173415454969167872","AR08390681507131293697"
"AR177752581664145408","AR04503230603780423681"
"AR177812264529690624","AR02617066784842317825"
"AR247428186839711744","AR00882336503374544897"
"AR249280417255915520","AR03746807285800763393"
"AR271420698788888576","AR12195378767329230849"
"AR365615413263859712","AR10876668501439807489"
"AR415268430661287936","AR11331532063804227585"
"AR98999271050706944","AR17141175583112167425"
"AR172638718723620864","AR08976149458689458177"
"AR174779880179761152","AR16158528434912362497"
"AR188726016946995200","AR07724148762280460289"
"AR211006039535910912","AR05448968521025323009"
"AR221174013831938048","AR01429607695861678081"
"AR278069583041003520","AR13146482713634537473"
"AR292029223185416192","AR14551605797374132225"
"AR337933730565849088","AR04742765808961191937"
"AR348694822665584640","AR17585145459146489857"
"AR60816668191883264","AR01964044838873595905"
"AR66006637952892928","AR14790296577624768513"
"AR144198750959566848","AR14996617735553679361"
"AR334517238700703744","AR09160797043411648513"
"AR340045514445684736","AR14265992533774434305"
"AR432041343104057344","AR00679656515639967745"
"AR53050370888302592","AR04433487069402103809"
"AR558455802721992704","AR15343478744622825473"
"AR101303297666711552","AR12321479556895604737"
"AR171941834510041088","AR04156435427969990657"
"AR179060038428524544","AR16127865666953805825"
"AR391577889272758272","AR13108540216627429377"
"AR483869538098610176","AR01768138255082979329"
"AR491656966641287168","AR01606008668497641473"
"AR532931293118201856","AR15631607278510014465"
"AR128727179247747072","AR14654344163873521665"
"AR162557537126711296","AR00894160651419648001"
"AR233916494604402688","AR08615861488499818497"
"AR396837179805925376","AR11592740842191716353"
"AR443073430460301312","AR16578225629690855425"
"AR474214760854847488","AR13114113091312812033"
"AR513151216373465088","AR14186814227557122049"
"AR108991392205766656","AR18067030619275132929"
"AR122301255337902080","AR15612568822358212609"
"AR201232137079226368","AR00351756172274958337"
"AR217856271854862336","AR06999069222273810433"
"AR272024399392014336","AR09971180681230811137"
"AR290805363664486400","AR05712976656017129473"
"AR309554785697136640","AR06188421289347121153"
"AR336309820611100672","AR18401339053845774337"
"AR45271772798386176","AR12868250196714192897"
"AR480451912362098688","AR01811169291903434753"
"AR48810757130813440","AR17897780320510410753"
"AR490568347050573824","AR15001965760111181825"
"AR80178586920681472","AR15767577696764166145"
"AR262602271936741376","AR00797612535384637441"
"AR266019004320055296","AR17929305517902004225"
"AR283301609121775616","AR16772871073644412929"
"AR380430954491019264","AR10740176914674089985"
"AR390416581655527424","AR12299805983688884225"
"AR50710026028843008","AR04566280998563610625"
"AR517929384670134272","AR13452727488295731201"
"AR536074968660705280","AR06741975091275366401"
"AR543795395713564672","AR04274924298537271297"
"AR573160396353961984","AR02620809797301174273"
"AR63495937510604800","AR16654239266565521409"
"AR88333492865204224","AR07308656512283443201"
"AR149746886633324544","AR13629358533739806721"
"AR240131346641453056","AR01080494886978846721"
"AR259698805325168640","AR14844339773153214465"
"AR293019436485443584","AR13919352801420378113"
"AR301473375232983040","AR17744657933179813889"
"AR341272638141759488","AR10498366132740685825"
"AR395244846450737152","AR09397601336586928129"
"AR414598725000757248","AR01976795050587193345"
"AR491885527620911104","AR12396998688415678465"
"AR511130863757426688","AR02409901201983275009"
"AR561682938068992000","AR17404636161313341441"
"AR172501760806486016","AR01414605684334395393"
"AR290927684333076480","AR13009122924999737345"
"AR296794197342552064","AR01180418503711129601"
"AR4398630626656256","AR09100201445776424961"
"AR118424102460456960","AR14077967249331716097"
"AR288381902597914624","AR16046800873661136897"
"AR317811018510106624","AR14141778231283417089"
"AR332261143919722496","AR11840438821697093633"
"AR348694719586369536","AR11351200127801884673"
"AR354387784636563456","AR02193728419869491201"
"AR525608820555120640","AR15384771728437673985"
"AR64549991204519936","AR11912496415735021569"
"AR116516759023910912","AR02729656775526580225"
"AR252739721355067392","AR03322382878217601025"
"AR277018346845634560","AR06098371287032266753"
"AR376045277485727744","AR18279970150008487937"
"AR394497178543849472","AR09176086164912734209"
"AR436527384905121792","AR00167636353134100481"
"AR490034053118951424","AR08397436906572349441"
"AR507966503652425728","AR11456309316248666113"
"AR546185321675489280","AR07922307145884762113"
"AR63590873467715584","AR06246968084502937601"
"AR71786908019064832","AR00626475749544558593"
"AR293748893730996224","AR03062078723021864961"
"AR301150531131277312","AR14477454320880058369"
"AR314647757916733440","AR01326024904432156673"
"AR327822518557605888","AR01242100281395642369"
"AR51040085675606016","AR11444122054488489985"
"AR532605081762136064","AR17509626327626416129"
"AR556218296559468544","AR03976393285139693569"
"AR65711247282143232","AR15668830145156743169"
"AR170711618437513216","AR00518389358487666689"
"AR214860446266556416","AR16004519428892917761"
"AR24817557986869248","AR03828535084604981249"
"AR317389802477453312","AR05033674870316072961"
"AR347395096842338304","AR02486965147340374017"
"AR361533270187311104","AR13497002897400922113"
"AR394067166418173952","AR00687274344514060289"
"AR415582031993372672","AR03548467482777878529"
"AR517511845129486336","AR14983951361601699841"
"AR535103206540181504","AR14119260233146564609"
"AR134249682556682240","AR17901421490704744449"
"AR21792114304090112","AR15210122002946850817"
"AR24994819877109760","AR09564695905366441985"
"AR257252048355983360","AR13443720289040990209"
"AR268868319983960064","AR16690815620375117825"
"AR28547513745145856","AR11763033203101663233"
"AR29126080199655424","AR13512927399183908865"
"AR319235435823890432","AR07722156034894069761"
"AR331554776418353152","AR18217535894053715969"
"AR353992682005069824","AR18146595953585422337"
"AR385931433207660544","AR15397521940151271425"
"AR41179665397710848","AR06686571799863361537"
"AR486699062553214976","AR01395423604476215297"
"AR490626415008415744","AR11700827233248608257"
"AR141874726975832064","AR13434713089786249217"
"AR314927961583124480","AR07480954382402453505"
"AR336395479438852096","AR16123362067326435329"
"AR359308339689029632","AR18191825601344569345"
"AR361655968813023232","AR04423010235417886721"
"AR411542838589784064","AR14528416684827475969"
"AR413169188085956608","AR07505108041524576257"
"AR460718083825205248","AR06182756605440819201"
"AR476641417377087488","AR14384212023992909825"
"AR477127057919180800","AR00971171133023846401"
"AR534749095076560896","AR11205959039819186177"
"AR129247454406115328","AR08868063067632566273"
"AR136861263190818816","AR11382522327859200001"
"AR138338044745875456","AR03292812337622286337"
"AR147485878409756672","AR13912094650287521793"
"AR194187875317710848","AR06847709626960445441"
"AR308353655143137280","AR02937701624090460161"
"AR34835208427536384","AR02558519989686501377"
"AR368636802497511424","AR13228460101578260481"
"AR447438800860217344","AR17898405942626615297"
"AR500133136139550720","AR11493661650389565441"
"AR60352674284961792","AR07584537173831974913"
"AR84010006986358784","AR04506326828524240897"
"AR196082436931584000","AR02869268363975065601"
"AR20306364857319424","AR05518375604845543425"
"AR281696012907577344","AR08374295760220454913"
"AR295549653259124736","AR04115604376477761537"
"AR315221118870880256","AR16312513251675996161"
"AR325563297040433152","AR15126180062602199041"
"AR388465910588899328","AR00036303262609047553"
"AR477544631819567104","AR09129271846020055041"
"AR50515515549941760","AR17695483650017067009"
"AR527600757667528704","AR12986891212202967041"
"AR567918199790632960","AR12962200441650675713"
"AR89801306528546816","AR06147888892700786689"
"AR126546297934053376","AR01753366316363808769"
"AR175198862829420544","AR00101183244740853761"
"AR265079299835428864","AR04479947345550639105"
"AR317600530752864256","AR00307710835977879553"
"AR376408734798184448","AR08386177907503923201"
"AR43934766659010560","AR10975747693241958401"
"AR465453199369699328","AR15147572160832208897"
"AR531090504494874624","AR15050660931082125313"
"AR287024555493425152","AR08134897719115251713"
"AR294070775760027648","AR14194977001881731073"
"AR427824200615460864","AR15043025922338848769"
"AR503710672098426880","AR00792264510827134977"
"AR535915814352584704","AR01890588391167229953"
"AR575917971516424192","AR11202418887255654401"
"AR59386753319960576","AR02725153175899209729"
"AR61294715231797248","AR14428699089086447617"
"AR68554996668432384","AR15783340295459962881"
"AR12243783529791488","AR04899547370989027329"
"AR125861577067855872","AR15006469359738552321"
"AR2246508413976576","AR15343376902358302721"
"AR240372620724273152","AR01036303315635273729"
"AR261718230228271104","AR02803048352046907393"
"AR308437956761223168","AR00883180928304676865"
"AR372707228903276544","AR01197570472787574785"
"AR400128808381841408","AR17379866363362803713"
"AR489541609348661248","AR17097493772847022081"
"AR533824543236554752","AR03716310406659047425"
"AR549706713821872128","AR10013664298699587585"
"AR90754514390351872","AR13645519842839625729"
"AR100233301054193664","AR10719184488920776705"
"AR126454866670256128","AR11194472029526949889"
"AR321740226391179264","AR16181908862482251777"
"AR408546669404094464","AR13939116248051744769"
"AR437700598171697152","AR18104083473936416769"
"AR451216688453517312","AR14738100149314125825"
"AR496553572956110848","AR10353089860385898497"
"AR557484384198852608","AR05839392318225907713"
"AR86360041292038144","AR06755030417465671681"
"AR121290907231191040","AR01473655231182012417"
"AR392305267754139648","AR11624266039583309825"
"AR460623044788879360","AR14374804327627751425"
"AR462363193738526720","AR12583532760213225473"
"AR11127023313354752","AR08004226809468026881"
"AR140649527425105920","AR11871119594158555137"
"AR170812773507268608","AR11060471661231865857"
"AR214823028511473664","AR00975504720665772033"
"AR219734134635888640","AR09802559990311944193"
"AR303987683447799808","AR08063272920341807105"
"AR345776237769129984","AR07809717155200499713"
"AR348473030554419200","AR02225253617261084673"
"AR509758192209625088","AR06395885527052058625"
"AR244351993823363072","AR06096062312613937153"
"AR258922275238051840","AR16602372279426351105"
"AR482983366086361088","AR11880706923235901441"
"AR571246318408695808","AR01882715750473400321"
"AR65329063912275968","AR12556511162449002497"
"AR204981334290989056","AR07719645162653089793"
"AR313779384248958976","AR08539300294834520065"
"AR394604174769127424","AR08750969477320933377"
"AR511160791089545216","AR10119929211306115073"
"AR515327905799077888","AR03648391099510161409"
"AR139758201452101632","AR16820258925289930753"
"AR224754813965959168","AR09498567015464435713"
"AR344533274233667584","AR08214196696733712385"
"AR404989714928500736","AR12483609143480942593"
"AR438185963835883520","AR05753200777090826241"
"AR478681836080332800","AR03868306894082801665"
"AR495551024510009344","AR15674137487784017921"
"AR565604655527100416","AR05999270104997560321"
"AR9207653968379904","AR02076634829557858305"
"AR103257576505868288","AR04554886759564967937"
"AR133686766962999296","AR12046843817387622401"
"AR293354340855316480","AR06882065791915655169"
"AR32240567144415232","AR02189224820242120705"
"AR345361000330952704","AR13600501851068825601"
"AR359595484022571008","AR03310621127457374209"
"AR38581347622584320","AR10490843961378209793"
"AR534335266387656704","AR05877707412235878401"
"AR554475845507350528","AR10964285009644486657"
"AR262382438330662912","AR03261081531556298753"
"AR360964994474442752","AR06271332849857593345"
"AR86663506501304320","AR07259433575731167233"
"AR95503098952286208","AR13849044255504334849"
"AR12623974034833408","AR04544607425356890113"
"AR140614480491970560",NULL
"AR244867115020976128","AR14649431958237478913"
"AR433916766343659520","AR00612120525732315137"
"AR493455355347468288","AR01160654369884995585"
"AR105818510885650432","AR17167334751443353601"
"AR117808960064454656","AR17695118337278738433"
"AR163153987825041408","AR15078526953776480257"
"AR282069743781806080","AR06571407165263708161"
"AR298881517088669696","AR11319011924898742273"
"AR358226420247298048","AR02004577235519930369"
"AR375381206822289408","AR00285773379980492801"
"AR575724904146534400","AR13083432318851350529"
"AR104120933651841024","AR10935215296595623937"
"AR153131836258648064","AR10891670512967090177"
"AR480161950530011136","AR10263316522684383233"
"AR512911007442534400","AR13537134796936839169"
"AR1739393035403264","AR05731189928692285441"
"AR327302621356359680","AR15148698060739051521"
"AR345815029913747456","AR14321922216378236929"
"AR406326617988661248","AR05560832009401532417"
"AR497824127361482752","AR11024840749983203329"
"AR516677075285835776","AR13801756459416944641"
"AR532260384866828288","AR06115519270379061249"
"AR130270137658900480","AR02364865205709570049"
"AR148969463193010176","AR16751299342702215169"
"AR160233856740360192","AR05953073024444923905"
"AR167847184488726528","AR14150785430538158081"
"AR350053372360916992","AR01660051864026087425"
"AR431707435166597120","AR02743167574408691713"
"AR485905764913774592","AR13184504925234659329"
"AR492704354545958912","AR08543803894461890561"
"AR172202212607393792","AR17941971891853983745"
"AR243296840617820160","AR10567548778749886465"
"AR271518246086115328","AR14597268377836716033"
"AR333007231278645248","AR06111860095681822721"
"AR355119372185894912","AR06659275736509054977"
"AR396499492297244672","AR04609786062334590977"
"AR405244045711900672","AR04485216205270941697"
"AR414641468515287040","AR02470699796952776705"
"AR451265891598860288","AR16576842031746252801"
"AR498327360089620480","AR06658286863238823937"
"AR159924756534001664","AR10202379801566642177"
"AR215630001326784512","AR10204871569793089537"
"AR227527747931471872","AR05909198112450150401"
"AR26175935883509760","AR14280066282609967105"
"AR277768145056301056","AR16293073748657963009"
"AR284856765240049664","AR13190011279466561537"
"AR333551249016225792","AR06271737882453475329"
"AR489462513230938112","AR12119661998594064385"
"AR515631371008344064","AR03809676261165367297"
"AR526233171361005568","AR18406687078403276801"
"AR568018702025359360","AR17082628787956350977"
"AR576190066284560384","AR06949529626372734977"
"AR101044156519940096","AR06735485086453465089"
"AR128496178726699008","AR14595881206479323137"
"AR223053147923283968","AR07280544198984466433"
"AR229731341032226816","AR07503472380539305985"
"AR26941677012779008","AR09957934177456226305"
"AR339137970676170752","AR08353790280679292929"
"AR350427549911744512","AR11618918015025807361"
"AR389378848837337088","AR15906344860282519553"
"AR391543374915567616","AR08489760698933444609"
"AR571619980563447808","AR08123245094884081665"
"AR9814721825865728","AR02162203222477897729"
"AR143958782546804736","AR08952787035622473729"
"AR228539745305624576","AR07944825144021614593"
"AR413793985568440320","AR09687718199813996545"
"AR45498753230045184","AR18325622285110607873"
"AR186260190323015680","AR05769749114283622401"
"AR286251667538575360","AR09840840587144593409"
"AR32318976067371008","AR09099683575799742465"
"AR324578272060899328","AR03471771049182363649"
"AR326418510928412672","AR01004778118243680257"
"AR406849882444267520","AR05706536129218478081"
"AR519821850339966976","AR12738906947357507585"
"AR568468471000596480","AR10112047224763449345"
"AR107360507224129536","AR11308169640737243137"
"AR124846556036726784","AR04715933464635899905"
"AR204467862360817664","AR08971645859062087681"
"AR228946942565023744","AR12606050758350077953"
"AR233484283455471616","AR00226646042685210625"
"AR503209569674067968","AR03301613928202633217"
"AR73390992404774912","AR14237447837527834625"
"AR139935875659202560","AR14520080599982538753"
"AR168439065341853696","AR04197830254049361921"
"AR19054570869096448","AR09038439266304131073"
"AR194146884149837824","AR01455138080980729857"
"AR270113379463462912","AR07637735944430288897"
"AR368795819366678528","AR17660355353021251585"
"AR42481418445520896","AR06368952989729685505"
"AR475177520723918848","AR13313115899847245825"
"AR480425008686956544","AR17893276720883040257"
"AR536702205684613120","AR15564071288602361857"
"AR103378007388848128","AR03053915948697255937"
"AR118228870427049984","AR04391485038026293249"
"AR134434056912764928","AR15786582755250274305"
"AR156613886504599552","AR17589582400881426433"
"AR160968983342743552","AR09259876235213799425"
"AR277537934809235456","AR10552409328269131777"
"AR303779669591719936","AR10953229695105105921"
"AR347191584111984640","AR06842141287760527361"
"AR199557374711693312","AR11137877279827296257"
"AR209607151507734528","AR04877113210613792769"
"AR225653527282712576","AR14015677441717043201"
"AR268709096956362752","AR14441425523861094401"
"AR299362587785560064","AR06031298054080954369"
"AR300504293172051968","AR02748661834012688385"
"AR34687410012946432","AR04747134168658345985"
"AR419833877817720832","AR01920637494198534145"
"AR435739790982250496","AR15302249669921341441"
"AR48170841363447808","AR04657197416041152513"
"AR543243200358252544","AR02369368805336940545"
"AR250219812502896640","AR17829465738931339265"
"AR336533090191015936","AR04149281318124912641"
"AR349830858695245824","AR00838144932030971905"
"AR554837619192627200","AR10330888521597845505"
"AR57545861617418240","AR11556712045172752385"
"AR69817132937904128","AR10880971165317201921"
"AR88911389304815616","AR08377170708249182209"
"AR88954785654374400","AR13639626872831606785"
"AR152797172406943744","AR07617334506176905217"
"AR156458683566391296","AR09614499521497137153"
"AR354510826859659264","AR05705775542049964033"
"AR389832363024056320","AR15104832219715207169"
"AR42696235529797632","AR10610111698494816257"
"AR43607833748439040","AR11288973679544762369"
"AR5120322571337728","AR08160903505574363137"
"AR523457248098254848","AR02082425682423447553"
"AR170287516186836992","AR02404637015187390465"
"AR173004512498286592","AR10641618891383504897"
"AR180152403230720000","AR00328782838885253121"
"AR199878157229096960","AR08530873225402384385"
"AR285523034926743552","AR13546458655540379649"
"AR356996857009799168","AR16888974003979419649"
"AR416726554878410752","AR08889820478600904705"
"AR47017110068527104","AR04067225864855617537"
"AR484997465230016512","AR04475029917234364417"
"AR552365848333910016","AR03202534736400482305"
"AR61799597227376640","AR08721696079743025153"
"AR6291611692564480","AR03711944245985148929"
"AR66824949481865216","AR18294097087719014401"
"AR126138653998055424","AR13034883382926901249"
"AR159188942736850944","AR15879407100279914497"
"AR171299857158373376","AR10493862533113315329"
"AR225058622772609024","AR08350149110484959233"
"AR350029973379088384","AR02855182383072673793"
"AR476723193554403328","AR14616989355831459841"
"AR95367240546779136","AR12771839519632654337"
"AR205938184285061120","AR08790657449037135873"
"AR237832473986203648","AR01837099624377090049"
"AR293973675139399680","AR15321721333654487041"
"AR352692131548102656","AR07629573170105679873"
"AR43472937415606272","AR05453435012135256065"
"AR120137038497316864","AR15961232480741097473"
"AR126301244280012800","AR16082829670680100865"
"AR165939978491133952","AR07648412889530761217"
"AR273701738739924992","AR02776944571613970433"
"AR383313959878393856","AR11530939149020299265"
"AR391487952657580032","AR01706178575834546177"
"AR425515638513991680","AR13513526083265232897"
"AR464459928052957184","AR00309058012599812097"
"AR489725055991808000","AR09922136552757002241"
"AR5093418896195584","AR07603542232318083073"
"AR525218253409091584","AR17691886872604704769"
"AR150626513115414528","AR06411216979750813697"
"AR206716707237003264","AR11880971218343428097"
"AR319631053851459584","AR10406270626481307649"
"AR387112033817985024","AR10808015270279380993"
"AR445939925993390080","AR09493218990906933249"
"AR222145879031676928","AR07138680810722295809"
"AR226705897349447680","AR09565276584944861185"
"AR247363727970533376","AR12942830070426238977"
"AR26172328110981120","AR09741000808173928449"
"AR269413437233168384","AR00523768581687607297"
"AR288275456128450560","AR17545655124645380097"
"AR414091953219567616","AR05269686965363539969"
"AR442475158695837696","AR00630134924241797121"
"AR444641540199940096","AR02418908401238016001"
"AR453031020078301184","AR14029188240599154689"
"AR474504172931121152","AR10485511329983496193"
"AR477111767835607040","AR07385534365297541121"
"AR129188218217168896","AR00599454151780335617"
"AR145252426696359936","AR12669101153133264897"
"AR247307068761964544","AR04392884166572638209"
"AR261465102035714048","AR17186211579385872385"
"AR262874882100953088","AR12735810722613690369"
"AR291686897112055808","AR14678209338632306689"
"AR391284405567488000","AR04972814702695415809"
"AR439225930037067776","AR00928216924578381825"
"AR505501364223213568","AR03089944745716219905"
"AR510014722016280576","AR04972449389957087233"
"AR560575145744269312","AR13214036708045094913"
"AR218600435068436480","AR14541742765756121089"
"AR223978902354132992","AR10831632505166102529"
"AR556065808040591360","AR01413845097165881345"
"AR56197688563073024",NULL
"AR190302235584888832","AR06280128942879801345"
"AR207338790300155904","AR16037871327415107585"
"AR214019010633662464","AR03245318932860502017"
"AR273378104364236800","AR17105146786093203457"
"AR339226206484299776","AR13143607765605810177"
"AR425468359513997312","AR08431218301824139265"
"AR444049865505243136","AR15338891307233837057"
"AR456304128755236864","AR15492657183744589825"
"AR479125385942925312","AR12538496763939520513"
"AR56395119619735552","AR04747269408588562433"
"AR71753372914417664","AR16518499745753202689"
"AR81379459776643072","AR11169402477218889729"
"AR248698981763252224","AR17479310867903283201"
"AR452341076531871744","AR12218741190396215297"
"AR54447403490607104","AR14600282963842170881"
"AR566724714278420480","AR00077036595005358081"
"AR66672667121418240","AR02314481184878362625"
"AR133002802011045888","AR15250166491308359681"
"AR143731114920378368","AR08845421511876542465"
"AR213586730765254656","AR03368323497683058689"
"AR272140397868744704","AR06645340938455482369"
"AR275428796629254144","AR17830226326099853313"
"AR294977220017913856","AR00710883058185666561"
"AR447134682815922176","AR15402786126947155969"
"AR555525191917109248","AR15667518840101666817"
"AR99644340778827776","AR09889535758115536897"
"AR163227792543055872","AR12169201594495139841"
"AR247360807392772096","AR11920342530710831105"
"AR330966468978016256","AR09903028552494743553"
"AR360971522824732672","AR02377531579661549569"
"AR467302440488665088","AR05787966235249475585"
"AR528773833495150592","AR08988815832641437697"
"AR154059652273799168","AR01338044490669096961"
"AR254353014150660096","AR08848219081774465025"
"AR266330303549669376","AR01446130881725988865"
"AR42749493124268032","AR12106151199711952897"
"AR513106411274633216","AR03796117083771633665"
"AR526793613053526016","AR05661500132944773121"
"AR562682153620471808","AR04859098812104310785"
"AR8302893337673728","AR04882377397409677313"
"AR1225165190987776","AR16596803115592712193"
"AR18849237072609280","AR00139167935506677761"
"AR372883769239011328","AR13522761568621690881"
"AR224920840221753344","AR12524985965057409025"
"AR269753048887197696","AR07138665967315320833"
"AR320247673716211712","AR05403950529254522881"
"AR352247928850481152","AR11835072792636686337"
"AR353089158324944896","AR10686236386043887617"
"AR362200192709033984","AR02128426225272619009"
"AR388565450750951424","AR14177953263348875265"
"AR48139230404149248","AR13924743019736596481"
"AR517792151875092480","AR18187282831615459329"
"AR11739623088717824","AR12475446369156333569"
"AR177833567567478784","AR12934813531148124161"
"AR225578485614116864","AR06845946834943213569"
"AR253891081828040704","AR13247053118081859585"
"AR270125542810845184","AR01108360909673201665"
"AR319516086166880256","AR01087471563134992385"
"AR362272348159606784","AR14659311894846767105"
"AR374319181669072896","AR16741709402284752897"
"AR456301861012504576","AR15600944510551457793"
"AR459570124966330368","AR02823471780532846593"
"AR472116617791143936","AR15554736709760450561"
"AR477421727035424768","AR07005713158723600385"
"AR77181558741532672","AR14315538451867369473"
"AR171061606732529664","AR07773688358181535745"
"AR179733454940798976","AR15353246531046080513"
"AR251670446297055232","AR16428762417057497089"
"AR292224249060392960","AR11247389600026460161"
"AR405669762870280192","AR13430209490158878721"
"AR423513633998241792","AR07226501003456020481"
"AR454912284473425920","AR08764480276203044865"
"AR507171556745543680","AR01129717823531122689"
"AR106266802392137728","AR12263650055637958657"
"AR237728638856855552","AR05197629371325612033"
"AR33433090583953408","AR02965335168795017217"
"AR344627832233656320","AR05295864138197630977"
"AR404113610319593472","AR07649078781260333057"
"AR452528783782576128","AR15524383316886159361"
"AR6511325039558656","AR01732109458064015361"
"AR65450181990023168","AR08240489043410812929"
"AR164389289138847744","AR10773085710010286081"
"AR175303213354844160","AR09844183102493032449"
"AR319132150450356224","AR03635245613366378497"
"AR335247486220238848","AR17181707979758501889"
"AR35140975739273216","AR17951641684303413249"
"AR371161521713053696","AR01819929650797740033"
"AR460897269860794368","AR05692338822763773953"
"AR485780901624545280","AR09331519450807009281"
"AR548562946851078144","AR17154188715543756801"
"AR573022579443367936","AR04737417784403689473"
"AR76175746120286208","AR16699822819629858817"
"AR93849708342018048","AR14272382620477161473"
"AR109214489986990080","AR10273186151372161025"
"AR344197991906672640","AR09808452960319963137"
"AR364969244024111104","AR02305180141141098497"
"AR383606996907065344","AR17674852138955571201"
"AR390633907000705024","AR01662668976578101249"
"AR450880375334371328","AR01314682067602112513"
"AR491641710917451776","AR03515534910502731777"
"AR549860748528975872","AR00072532995377987585"
"AR55082886851723264","AR05975991519692193793"
"AR575514519468507136","AR09874617584349872129"
"AR191840040035287040","AR07895285548120539137"
"AR246968934576685056","AR07475606357844951041"
"AR248236121727696896","AR18391427231399280641"
"AR308271724346998784","AR02791862745379635201"
"AR373464517536907264","AR17320558981038473217"
"AR430653209673990144","AR07512479579794046977"
"AR507446606451179520","AR02110777139501465601"
"AR564241535986565120","AR17265527324556656641"
"AR160549313498316800","AR17465434756282843137"
"AR292031078611288064","AR03083877640554151937"
"AR494145161454944256","AR05009028904862613505"
"AR556114633228812288","AR17632067942495551489"
"AR64065312735100928","AR06693815107589242881"
"AR80406426345799680","AR18224271502285471745"
"AR82487698777964544","AR08091490786757050369"
"AR167702255112290304","AR09318423030369615873"
"AR194483128549507072","AR18343636683620089857"
"AR257817197332660224","AR06634277652456800257"
"AR265093593486589952","AR16954140958646075393"
"AR349937923640000512","AR05720046928100589569"
"AR500999826180145152","AR14002113453959938049"
"AR514648201454682112","AR06233457285620826113"
"AR537995471877046272","AR01861620520382889985"
"AR121754007784914944","AR16708830018884599809"
"AR139599047143981056","AR03263333331369984001"
"AR3298156926205952","AR10311046597324046337"
"AR384658851577724928","AR15096541352285962241"
"AR533602029570883584","AR16289674196143833089"
"AR556509220464230400","AR08597847089990336513"
"AR7611506682232832","AR05233658168344576001"
"AR101217020363669504","AR02945068970471849985"
"AR235593318556237824","AR11215827843873243137"
"AR315172053164490752","AR15279439888886267905"
"AR386460298300620800","AR05561660353974108161"
"AR451727961360433152","AR02896289961739288577"
"AR488306308034854912","AR07331491169769095169"
"AR508203860725071872","AR07654717901521289217"
"AR266521549853425664","AR07772322352422977537"
"AR272660501228421120","AR10345243745410088961"
"AR281467005251354624","AR06386579672951422977"
"AR308760044948684800","AR09984955775220449281"
"AR313181456081879040","AR05895687313568038913"
"AR328218308383866880","AR09014447235391291393"
"AR74661787328315392","AR15492858119494565889"
"AR76738867872399360","AR02850810587401682945"
"AR108388035200024576","AR03851981895189397505"
"AR115663469281280000","AR06201932088229232641"
"AR133579976896151552","AR15671269411702964225"
"AR210875025853513728","AR16655522396635136001"
"AR281353171438141440","AR10196174157939474433"
"AR459032910456946688","AR15299203335517634561"
"AR515813683780124672","AR01094850110791090177"
"AR552338223104262144","AR09606653406521327617"
"AR104074891602427904","AR15619949569037565953"
"AR147571709036199936","AR09962437777083596801"
"AR169261019003092992","AR11066810345765994497"
"AR169983191984111616","AR00013986200222171137"
"AR358902929136025600","AR14470541004081463297"
"AR374597289391423488","AR18383306650833387521"
"AR111828647601504256","AR18410346253100515329"
"AR161858900566474752","AR15617209860939055105"
"AR214957959204044800","AR09074542142919016449"
"AR240874891379736576","AR03927614276407132161"
"AR355549092253794304","AR00184362398893735937"
"AR387731161943638016","AR13011374724813422593"
"AR404898799060779008","AR12885273935247048705"
"AR520212726723641344","AR12023365670721814529"
"AR538191494184435712","AR16893477603606790145"
"AR545543172525129728","AR11808913624305500161"
"AR86740712833417216","AR03706177307497463809"
"AR102636249356959744","AR03751973890939682817"
"AR298977552557408256","AR05089542980268720129"
"AR396511208968028160","AR10399286940938534913"
"AR400068335242313728","AR14448583344557916161"
"AR124928091695874048","AR11106352082435702785"
"AR160373907033948160","AR05019601946114260993"
"AR236111600849780736","AR11790036796362981377"
"AR336395135841468416","AR08459219289570803713"
"AR110757448398143488","AR00833641332403601409"
"AR125541309946527744","AR01750123856573497345"
"AR150468475498790912","AR00579187953457168385"
"AR171339748814618624","AR11178774989211959297"
"AR211345170153603072","AR10123722938738802689"
"AR277801955038855168","AR11479390264338939905"
"AR32708546780987392","AR16005406047581765633"
"AR406882558555455488","AR15367582650843791361"
"AR413628268550291456","AR10057013369258377217"
"AR472049066545512448","AR18297914179773792257"
"AR497295708945121280","AR09552610210992881665"
"AR508126654392958976","AR12952827929657606145"
"AR540859905825832960","AR11718469996827901953"
"AR97217443738419200","AR07133332786164793345"
"AR16118668664504320","AR01971890953849405441"
"AR196619926318874624","AR06769385641277915137"
"AR216618084323033088","AR08170995785366765569"
"AR26844576392151040","AR14447178581014478849"
"AR32042723770892288","AR15924359258792001537"
"AR386155974097895424","AR14794800177252139009"
"AR411410003841253376","AR15425831890665340929"
"AR477969180746842112","AR13241058305809317889"
"AR489880258930016256","AR18357586874836451329"
"AR522750262121594880","AR17500888233842573313"
"AR528179032064262144","AR12465451396142989313"
"AR562063128574033920","AR02027095233656782849"
"AR58419251806994432","AR16097331129538838529"
"AR96878519279157248","AR17248417549238927361"
"AR100335074599239680","AR01323773104618471425"
"AR100745295515615232","AR00648993747681411073"
"AR132132091881062400","AR08791501873967267841"
"AR144101547259723776","AR08774978688102957057"
"AR350946519400054784","AR00370761230761066497"
"AR359094381598212096","AR04053715065973506049"
"AR550026774784770048","AR11529690447408529409"
"AR5759482424459264","AR09321908482229665793"
"AR201699841837891584","AR14574123795510984705"
"AR251718584290508800","AR07588540495668707329"
"AR32017297564499968","AR13673403870036885505"
"AR421442635127848960","AR09988298290568888321"
"AR491935933357096960","AR03594347903981715457"
"AR522360725767716864","AR05484110699355439105"
"AR128378118665666560","AR15436304738919907329"
"AR144607288248762368","AR05980411281557946369"
"AR25446822235340800","AR12188781285245714433"
"AR260949637240717312","AR11025287289143033857"
"AR427242936921489408","AR17290297122507194369"
"AR67229982077747200","AR17223869028003479553"
"AR200075931883143168","AR07128829186537422849"
"AR210272596560707584","AR03085441146088849409"
"AR245542936714936320","AR16025273535500910593"
"AR304051730000117760","AR09818322589007740929"
"AR305407359117688832","AR04400492237281034241"
"AR35484332604784640","AR09174307842293760001"
"AR468962909205037056","AR16864204206028881921"
"AR519759624853782528","AR04774291006352785409"
"AR535609806522679296","AR03256577931928928257"
"AR549180013392429056","AR17136671983484796929"
"AR113835462480625664","AR06926149198802845697"
"AR114889550534279168","AR10385776142056423425"
"AR214722869874130944","AR09756262854201180161"
"AR288532020294844416","AR07071126816311738369"
"AR372382598095175680","AR07161198808859148289"
"AR398987824549855232","AR09114916622207811585"
"AR408223035028406272","AR05347876810627481601"
"AR463066606302396416","AR02382879604219052033"
"AR47038378746576896","AR07093644814448590849"
"AR543222962472353792","AR16331821637932417025"
"AR544351611158265856","AR15369009129741877249"
"AR77391737261129728","AR06129874494191304705"
"AR79946796125650944","AR16877091856695951361"
"AR92911412606664704","AR02612563185214947329"
"AR127771703643209728","AR09737257795715072001"
"AR175796138161471488","AR06210939287483973633"
"AR226061411736879104","AR08732955078811451393"
"AR228077469385621504","AR06927011628235882497"
"AR349567113343533056","AR10827128905538732033"
"AR41964922858373120","AR14902886568309030913"
"AR505144985016860672","AR05494866946732064769"
"AR538672667960541184","AR14606253311980994561"
"AR203828049672667136","AR03461491714974285825"
"AR27121722041827328","AR16343531574207184897"
"AR275008095992676352","AR18142462202181844993"
"AR322911515512406016","AR03589844304354344961"
"AR379393565270212608","AR00753079290802733057"
"AR73070278606848000","AR09226099238008520705"
"AR80818777565954048","AR15350955836008562689"
"AR138536644033642496","AR11544140504098668545"
"AR237702697254387712","AR10697581421897187329"
"AR346649627958706176","AR09438859136029687809"
"AR36347895909187584","AR08290622650468794369"
"AR369768715358568448","AR17114153985347944449"
"AR471684372282474496","AR08863559468005195777"
"AR54730836972404736","AR08361408109553385473"
"AR212460830858412032","AR15317217734027116545"
"AR405331869203169280","AR17215987728655581185"
"AR569117595177844736","AR17088123047560347649"
"AR99136641284702208","AR06209190239362088961"
"AR103641443502915584","AR12104264712636596225"
"AR12498698428743680","AR17806845898529964033"
"AR2634429860151296","AR06670306449475764225"
"AR347774462713659392","AR07051287915694915585"
"AR391148718960672768","AR13331130298356727809"
"AR469675530178789376","AR15855397889497890817"
"AR98405259893800960","AR12471933429505589249"
"AR112255739149418496","AR01000274518616309761"
"AR266245469355638784","AR06673648964824203265"
"AR271153242585432064","AR06782896440160026625"
"AR296430155914543104","AR09604401606707642369"
"AR3560699687075840","AR01324533691786985473"
"AR412521403938504704","AR08765570991737798657"
"AR414976853921497088","AR07562282646168928257"
"AR425370193741479936","AR01012401719553818625"
"AR432647208370700288","AR10104666478084096001"
"AR440927596079742976","AR02682871731130990593"
"AR484057039190884352","AR11002769291006181377"
"AR489686538725097472","AR01706477230680440833"
"AR94448048825958400","AR06574886432370851841"
"AR2019837219962880","AR00226614844042772481"
"AR292629006778368000","AR02175604757391998977"
"AR390589720377163776","AR04638112230645170177"
"AR417628944687169536","AR08423197364499513345"
"AR451400135096664064","AR16208930460246474753"
"AR553497074000199680","AR02867588172768870401"
"AR98755179469340672","AR06173161442343124993"
"AR124650877326721024","AR06430771244294995969"
"AR144434286966079488","AR02586704870752911361"
"AR194273293627293696","AR08981680689371938817"
"AR267884257077100544","AR00522048533184905217"
"AR282453232821731328","AR01205796331591827457"
"AR350127177078931456","AR11591896417261584385"
"AR403235925162721280","AR12619561557232189441"
"AR435588676852908032","AR11113101709440712705"
"AR508457882270826496","AR05828133319157481473"
"AR510650583334518784","AR18248216666515177473"
"AR573087141391761408","AR01889507846115033089"
"AR142765434473545728","AR12524721669949882369"
"AR246150623047712768","AR13188643761879515137"
"AR273714280044429312","AR09097746648628461569"
"AR37040244637302784","AR03399932532836270081"
"AR38456449973616640","AR06053987988348600321"
"AR429242192658169856","AR16222441259128586241"
"AR457079284452818944","AR08425847874717220865"
"AR539381303204642816","AR06107356496054452225"
"AR70979454167416832","AR07647587568615161857"
"AR81710481496080384","AR13258245459257851905"
"AR222902549190017024","AR11763877628031795201"
"AR352295688886812672","AR12904278993733156865"
"AR383251270535741440","AR16168398063600140289"
"AR384836010388750336","AR06102852896427081729"
"AR430325658288128000","AR05587190739093159937"
"AR458941994589224960","AR07877271149611057153"
"AR533233143419764736","AR00824780368195354625"
"AR559248997282217984","AR10489358933485944833"
"AR562662912166985728","AR11180920548714610689"
"AR66280450707947520","AR06054337220729372673"
"AR365899533940424704","AR07692623564888866817"
"AR410360657431494656","AR10409785352838447105"
"AR518359259356856320","AR16248618431962677249"
"AR94875552690733056","AR11160342089089155073"
"AR100125170957549568","AR07344456198566969345"
"AR137997986415247360","AR07656594767869902849"
"AR148284536168382464","AR16482805612585943041"
"AR270700518672695296","AR15474843720985083905"
"AR281128647727775744","AR04363483775401721857"
"AR286965044426571776","AR00694029743955116033"
"AR424166709545402368","AR16452124840124481537"
"AR465475601919115264","AR03376288634792574977"
"AR523303694427488256","AR17703223524681842689"
"AR543125312095911936","AR02866027828330102785"
"AR186320354224898048","AR13789736873180004353"
"AR205034454446505984","AR17249261974169059329"
"AR230918057675980800","AR08313257884032958465"
"AR338511798804152320","AR08611357888872448001"
"AR371946023259471872","AR10340740145782718465"
"AR410008848070344704","AR17172700780503760897"
"AR481589838177370112","AR14514816413186654209"
"AR493533420673040384","AR11794642238254874625"
"AR560986637970964480","AR11448625654115860481"
"AR83269623344005120","AR06877472032334807041"
"AR94758592141328384","AR01584898045244342273"
"AR109419789423738880","AR13644661536575193089"
"AR181989652800995328","AR15888330461773037569"
"AR25310001757159424","AR05941226061533544449"
"AR514748016494641152","AR06985281071583592449"
"AR534999440130310144","AR12592539959467966465"
"AR240906502339035136","AR07124307582407147521"
"AR321927452605546496","AR06296507680404013057"
"AR394188662453043200","AR16554863206623870977"
"AR472884145626808320","AR02882779162857177089"
"AR499041252373692416","AR05900190913195409409"
"AR70688839500300288","AR07030594419665403905"
"AR90224412346810368","AR14222843024576086017"
"AR96605634237038592","AR12777187544190156801"
"AR129174543041298432","AR12272784385924661249"
"AR150179750617284608","AR00763212389964316673"
"AR192221536210386944","AR13505308333359235073"
"AR193896607815565312","AR04909398995173900289"
"AR20966930827444224","AR16543187492648517633"
"AR280887219026132992","AR16051304473288507393"
"AR282056412203319296","AR02211742818378973185"
"AR416022764357419008","AR02540505591177019393"
"AR476313110076981248","AR12693832055859970049"
"AR490839582825250816","AR17743813508249681921"
"AR498720298057596928","AR06340640427875500033"
"AR82989213519183872","AR13807649429424963585"
"AR135025010052956160","AR10067448421800738817"
"AR222485181448060928","AR16050809005861240833"
"AR277854422359343104","AR18055406307468378113"
"AR330680321076887552","AR11414225508695539713"
"AR423140830836948992","AR07808956568031985665"
"AR439073269719498752","AR01617267667566067713"
"AR477800818028838912","AR13767979462211665921"
"AR526106899322503168","AR03907850829775765505"
"AR538982043044806656","AR06773889240905285633"
"AR73194832658432000","AR05994766505370189825"
"AR76649085876043776","AR08584336291108225025"
"AR83045907087491072","AR03688923496156495873"
"AR92265174647439360","AR05955862760322498561"
"AR25260214496264192","AR12064308872400076801"
"AR301120054043344896","AR18076296341201354753"
"AR373676963799236608","AR09029214088869183489"
"AR408367414649028608","AR18419036793006456833"
"AR505704327197753344","AR17592063311430549505"
"AR513164341793521664","AR07522066908871393281"
"AR570632859639873536","AR13921101849542262785"
"AR71574599195688960","AR01457408572492087297"
"AR147617854164828160","AR18379665480639053825"
"AR229561775723380736","AR04984418673537056769"
"AR248190079678283776","AR02828735967328731137"
"AR542381698638151680","AR07803625998221574145"
"AR87476286112399360","AR14028256954250428417"
"AR140403236820484096","AR12744817921868431361"
"AR176888468603928576","AR15969479092827324417"
"AR236979459121479680","AR07395385989482414081"
"AR37848110805811200","AR00831389532589916161"
"AR413137577126658048","AR02198232019496861697"
"AR434357979744043008","AR02738663974781321217"
"AR488743020309512192","AR03603355103236456449"
"AR513829615047802880","AR00734562140601450497"
"AR66742760987688960","AR15321668144779493377"
"AR1226024184446976","AR13876065853268557825"
"AR220190088364032000","AR03233125348908466177"
"AR227000789803991040","AR11098219544680857601"
"AR236987877257379840","AR05321343121148084225"
"AR400094483003211776","AR01081138376159002625"
"AR441362212410359808","AR05635406797872300033"
"AR538281207461314560","AR07705373776602464257"
"AR567019486473879552","AR10855998782349246465"
"AR68940066256322560","AR05225512573889150977"
"AR309747440750166016","AR03792506287586017281"
"AR32114363825389568","AR13376166294630432769"
"AR327615569853415424","AR02939576909891108865"
"AR419210798322155520","AR14799243578617888769"
"AR519149825397096448","AR08728079844253892609"
"AR198684602997407744","AR13612962341468504065"
"AR222593930019995648","AR15113711325865312257"
"AR278952490878107648","AR13164497112144019457"
"AR432664663117791232","AR09694473599255052289"
"AR449872982165159936","AR03671837360338763777"
"AR48165103287140352","AR13170491924416561153"
"AR496703140897226752","AR03684419896529125377"
"AR54101950681055232","AR14538094998492020737"
"AR319418401430700032","AR07020426136131731457"
"AR330633591832707072","AR03971787843247800321"
"AR3456520960344064","AR09800308190498258945"
"AR3800702459576320","AR03768101802373808129"
"AR420294470110543872","AR04342873704816967681"
"AR444294987878760448","AR03080937546461478913"
"AR535591183544483840","AR16037531166005264385"
"AR535603140733435904","AR18163171641129959425"
"AR566003640809029632","AR06000923770485735425"
"AR147640256714244096","AR18118456702251565057"
"AR285557119787204608","AR04999980748799737857"
"AR289367614772215808","AR11119862881317814273"
"AR396198672787832832","AR08411313018192789505"
"AR486211635304726528","AR10451078336653295617"
"AR81440826269368320","AR05674166506896752641"
"AR91096393787113472","AR09277890633723281409"
"AR92053106342232064","AR07926810745512132609"
"AR93497452304269312","AR13439216689413619713"
"AR110887259489697792","AR01698349640727920641"
"AR116861627717910528","AR03043159701320630273"
"AR411735459283075072","AR07200751540645134337"
"AR436402796493799424","AR09273387034095910913"
"AR559684197728387072","AR07889937523563036673"
"AR573874700954894336","AR11010027442139037697"
"AR106413587194445824","AR01512159578630914049"
"AR165632252674310144","AR04855355799645454337"
"AR212951247404138496","AR12144431796544602113"
"AR336353801076211712","AR08682571057980243969"
"AR364088672649216000","AR09167346834178310145"
"AR558195046667517952","AR01375063947664687105"
"AR152392036731846656","AR06935258240322109441"
"AR322586369308229632","AR10726163226661224449"
"AR335374033136648192","AR11541805828596039681"
"AR37985240521637888","AR05431816551948877825"
"AR465982957815857152","AR00110813592210636801"
"AR508880850650136576","AR06126862107209105409"
"AR86400413984620544","AR05935873364051623937"
"AR90499943088783360","AR07023608122782515201"
"AR181668939003068416","AR16229297401322536961"
"AR219627825605378048","AR07453172197469716481"
"AR226302376582053888","AR11495913450203250689"
"AR228068707652337664","AR14916196431441166337"
"AR41547314598248448","AR01932519641482002433"
"AR430709731443605504","AR11789175191563665409"
"AR433029116862660608","AR08827530670986231809"
"AR252228723326058496","AR02414404801610645505"
"AR264932274514952192","AR13635626024896036865"
"AR266625419342512128","AR03802627154680741889"
"AR374630790136332288","AR17674422229909110785"
"AR374673361852170240","AR02953992331964973057"
"AR509742386729975808","AR03467402689485209601"
"AR1741866936565760","AR00072397755447771137"
"AR17580331934679040","AR14323551692610600961"
"AR244274375174389760","AR15541535285962604545"
"AR329598401635155968","AR02665761955813261313"
"AR344668960840482816","AR07489961581657194497"
"AR446126946049327104","AR16449873040310796289"
"AR469545787806711808","AR11676057435298070529"
"AR526965824062226432","AR08011618551263657985"
"AR81652413538238464","AR00811123334266748929"
"AR139371345157816320","AR09736395366282035201"
"AR152876371603881984","AR06655933221160615937"
"AR209600382639276032","AR03729455892802830337"
"AR253106580281622528","AR17117531410190565377"
"AR447082524733079552","AR13168156286841257985"
"AR458126809796444160","AR15170850746137575425"
"AR4892483146219520","AR01531699274646028289"
"AR108117864577236992","AR07066623216684367873"
"AR263219407197569024","AR00710056088002625537"
"AR32825541690130432","AR08440946643267747841"
"AR414851578315407360","AR08484412674375942145"
"AR547412376652087296","AR01862713709818806273"
"AR112433963112333312","AR06772002753829928961"
"AR12758595489759232","AR17275439147003150337"
"AR14511663701032960","AR11999375563954323457"
"AR151159106239987712","AR02614814985028632577"
"AR301012336263561216","AR07232495815728562177"
"AR303474555115012096","AR14555264972071370753"
"AR422566404730912768","AR11026778501788205057"
"AR516497786171031552","AR00774250112317652993"
"AR522476311927586816","AR13547303080470511617"
"AR552521807186362368","AR05941088622580072449"
"AR563952845464797184","AR03306117527830003713"
"AR6634040845139968","AR05026492585485533185"
"AR126621202163695616","AR13650885871900033025"
"AR24922217749938176","AR14384972611161423873"
"AR29300266893312000","AR04971604965026955265"
"AR313490590647975936","AR04779736475128299521"
"AR350471805254762496","AR16374719221529051137"
"AR498107870080925696","AR03025949870444773377"
"AR510296540590374912","AR15065016154894368769"
"AR200024735872974848","AR01945186015433981953"
"AR233000395260035072","AR17537492350320771073"
"AR252503223275880448","AR08436245268986331137"
"AR393416152455315456","AR03913618455458217985"
"AR101369474522808320","AR15678496364193382401"
"AR269022389050802176","AR09692221799441367041"
"AR314098380059967488","AR07544004777185640449"
"AR333020356698701824","AR00061291176178745345"
"AR463311797395390464","AR05421060304572252161"
"AR47074490831601664","AR08700585456489725953"
"AR478719219475677184","AR15815648070252625921"
"AR80740780959858688","AR13677907469664256001"
"AR87299058581897216","AR13717631312947314689"
"AR110646775680860160","AR04373908382583619585"
"AR179681056339787776","AR06278600484278239233"
"AR208323196804399104","AR01099067012761518081"
"AR248053053041672192","AR09061717851609497601"
"AR249615527784218624","AR00340999924898332673"
"AR303268877721141248","AR14053334890334650369"
"AR332843541485060096","AR04107758261501952001"
"AR359064385546616832","AR02326584608876920833"
"AR416312279512907776","AR00143746164485783553"
"AR44141990241107968","AR10354616257403158529"
"AR443264092648505344","AR02276073319574798337"
"AR467829896832352256","AR12570021961331113985"
"AR480648278266871808","AR16161642664159084545"
"AR481547988016037888","AR00242508696939134977"
"AR568700055637196800","AR05413802153439395841"
"AR574148067033350144","AR18184286662429769729"
"AR150822483883196416","AR03381007051504222209"
"AR164421552933175296","AR05332737360146726913"
"AR245418485742567424","AR10255171752862679041"
"AR283389604411736064","AR12291164097172471809"
"AR295860368373186560","AR08809516272476749825"
"AR355460358229458944","AR18046399108213637121"
"AR394083590373113856","AR04567125423493742593"
"AR4941892449992704","AR02599052386332835841"
"AR57188279820222464","AR11244214622762303489"
"AR69722815456083968","AR12576777360772169729"
"AR70607681798275072","AR12159349970310266881"
"AR20111201543389184","AR03270088730811039745"
"AR215210640720003072","AR10418291999424643073"
"AR232742903380705280","AR17581683921664344065"
"AR233650000473620480","AR17357348365225951233"
"AR29387059592429568","AR03499772311806935041"
"AR394506558752423936","AR10871302472379400193"
"AR412824285032218624","AR15220900103117078529"
"AR449259214158692352","AR11830808474227310593"
"AR27184669082517504","AR03842045883487092737"
"AR272567901733519360","AR12182712393377251329"
"AR357701918841110528","AR13804008259230629889"
"AR391491938387230720","AR07357773071085731841"
"AR468780905670901760","AR14221980595143049217"
"AR85244380587229184","AR11009524690447237121"
"AR182815042436071424","AR02337843607945347073"
"AR189418743632232448","AR06223289002087153665"
"AR322251155700711424","AR15831392252128657409"
"AR372338617630064640","AR10903690099204030465"
"AR404665599516475392","AR11126827187968147457"
"AR537724614059491328","AR13258228279388667905"
"AR544049348539842560","AR12461091145344090113"
"AR74632581550702592","AR05323672573970481153"
"AR97601242015989760","AR17563669523154862081"
"AR1308659355222016","AR13929407560378482689"
"AR232771834280411136","AR07287299598425522177"
"AR41473612959449088","AR17182866452697317377"
"AR62741328936566784","AR12407892374745776129"
"AR207984925180166144","AR11168558052288757761"
"AR261087419791572992","AR18005866711567302657"
"AR400869088944979968","AR03472750714042712065"
"AR40146949101322240","AR09993962974475190273"
"AR448621463054843904","AR14023523556692852737"
"AR48534298675904512","AR17733901685803188225"
"AR49215583568265216","AR18213032294426345473"
"AR99136400766533632","AR06454940296579907585"
"AR394243741113647104","AR04640674230176841729"
"AR499574343714471936","AR05619806652019507201"
"AR53058789024202752","AR02036102432911523841"
"AR549359233787756544","AR06273989682267160577"
"AR94515119035252736","AR16149539240160526337"
"AR158983780739055616","AR09425116202755162113"
"AR2604571247509504","AR17178858045619306497"
"AR302539695353495552","AR10635602363756314625"
"AR410569392842080256","AR16501664436025556993"
"AR417715428148641792","AR09384090537704816641"
"AR458166735812427776","AR15955165375579029505"
"AR167054333525884928","AR09719243397205590017"
"AR203795785878339584","AR06809073612994117633"
"AR228348670800560128","AR15260162151516471297"
"AR234591388585426944","AR16887407887104606209"
"AR315434802083790848","AR17073621588701609985"
"AR396046081189740544","AR15407289726574526465"
"AR43387416026808320","AR07107155613330702337"
"AR16649011226214400","AR08848299621001199617"
"AR169797580677447680","AR03216045535282593793"
"AR244724487747010560","AR01035440886202236929"
"AR265742820743053312","AR14069720637245489153"
"AR362504138954637312","AR04561861236697858049"
"AR364702646814113792","AR13826526257367482369"
"AR370777242399145984","AR05422809352694136833"
"AR432509322740629504","AR15718038100863090689"
"AR495198424874876928","AR05708361593398493185"
"AR69196939660361728","AR03504275911434305537"
"AR78599688223195136","AR09385132599850041345"
"AR131004405267824640","AR13902225021599744001"
"AR178950396503392256","AR11421604056351637505"
"AR211220306864373760","AR17564513948084994049"
"AR267982800806739968","AR17902283920137781249"
"AR30109026415017984","AR01599253269056585729"
"AR353657537117028352","AR08890581065769418753"
"AR394105133929070592","AR14017929241530728449"
"AR520412597321728","AR03522290309943787521"
"AR57130624179240960","AR10718198089551708161"
"AR102918342808961024","AR10538898529387020289"
"AR222075372848545792","AR09358955427015950337"
"AR230926544531357696","AR15960071396462166017"
"AR319708775579648000","AR14915552942261010433"
"AR45687044596301824","AR11591878412758679553"
"AR484683829538193408","AR12146683596358287361"
"AR574921436024537088","AR06282006221545275393"
"AR58242574032306176","AR15074023354149109761"
"AR24814465610416128","AR00035659773428891649"
"AR259141937045438464","AR01756744016084336641"
"AR376057578272063488","AR05809256491214962689"
"AR131464344725618688","AR15754066897882054657"
"AR341736391530512384","AR13412195091649396737"
"AR345330420163805184","AR13977554762241933313"
"AR416248713996926976","AR10849646903675584513"
"AR536412827968077824","AR06440622868479868929"
"AR543496947026100224","AR06295747093235499009"
"AR114523413162229760","AR10707160367198371841"
"AR270416432355868672","AR13120451775846940673"
"AR291528533077917696","AR10487107133672259585"
"AR51171030638526464","AR07082385815380164609"
"AR536929357914963968","AR05904694512822779905"
"AR106104624427040768","AR02955202069633433601"
"AR170462853931728896","AR11224436332723961857"
"AR179093333015003136","AR16732976668620095489"
"AR224499383670931456","AR00856524643278782465"
"AR2616013040386048","AR17324960738401320961"
"AR391148169204858880","AR04318565014555328513"
"AR416050939342880768","AR03251211902868520961"
"AR421599865290620928","AR14628566388638220289"
"AR71331710205165568","AR03157498740126777345"
"AR311033319598850048","AR02387383203846422529"
"AR529494700806111232","AR10093042166277341185"
"AR118482960692281344","AR15425304125084008449"
"AR157739648972488704","AR16735007191718690817"
"AR15821353848406016","AR16340525509416845313"
"AR172310445783252992","AR09584135408384475137"
"AR199554247975501824","AR03382678721495302145"
"AR252083484711976960","AR07615301784055054337"
"AR312554253417709568","AR17656214592231047169"
"AR319136789015035904","AR02940394671664267265"
"AR377423687109836800","AR07285902394024525825"
"AR561937852967944192","AR16856586377154789377"
"AR119372259440721920","AR06737860443886321665"
"AR180917835122343936","AR07561156746262085633"
"AR196985685733801984","AR01804167052101943297"
"AR209018259951845376","AR14632670590666801153"
"AR220342130206310400","AR03476409888739950593"
"AR22316821868707840","AR15927455483535818753"
"AR290476884565688320","AR11938655584066207745"
"AR468676005389664256","AR01951524699968110593"
"AR490005534536105984","AR17419554335079006209"
"AR493579222204284928","AR08287098715701772289"
"AR208838318002012160","AR11362131747283140609"
"AR240034108581871616","AR04350952641379958785"
"AR242545564938403840","AR12907791933383901185"
"AR274432536015273984","AR10790470775551819777"
"AR325172214498328576","AR01554380962576465921"
"AR343728878398734336","AR08555626118361645057"
"AR363846951889797120","AR00653497347308781569"
"AR413158467847585792","AR02103656427322081281"
"AR462572616343879680","AR16349632764229713921"
"AR510486378144858112","AR06407408683789058049"
"AR512889223368409088","AR00032000598731653121"
"AR571896267219664896","AR14330929415632977921"
"AR74698414809415680","AR02517125163607130113"
"AR106394036503314432","AR14357106588467068929"
"AR202357762108162048","AR09012178255708422145"
"AR208530557825449984","AR17317881670224838657"
"AR225129713071292416","AR07218012911128543233"
"AR233740813262127104","AR16911492002116272129"
"AR234615131164639232","AR17205717190540525569"
"AR241460106443620352","AR01224610075054702593"
"AR283526493609394176","AR08312959229187063809"
"AR318787831512170496","AR05590102245883510785"
"AR440392546233876480","AR12448424771392110593"
"AR475669964494209024","AR09543603011738140673"
"AR513360089223004160","AR02604708411585069057"
"AR67945661068214272","AR10814708822191374337"
"AR90305570048835584","AR13738934350735474689"
"AR1685345166950400","AR06116363695309193217"
"AR288549475041935360","AR18216291384330027009"
"AR394719486051090432","AR14810562775947935745"
"AR419968567992123392","AR08070925933587988481"
"AR43324400266641408","AR13659893071154774017"
"AR435870632865955840","AR13700425467801108481"
"AR533227680221364224","AR08079933132842729473"
